MissedC		microprotein-derived peptide	sseqid	pHomology	length	mismatch	gapopen	qstart	qend	sstart	send	evalue	bitscore	qseq	sseq	cX7	cX9	cX14	cX17	cX22	cX23	cX26	cX35	cX40	cX47	cX49	cX54	cX57	cX62	cX63	cX66	cX75	cX80	Protein_ID	LV_plasma                               Plasma                            LV_plasma                              Plasma	RT_DIANN	RT_VSE	Delta_RT	Hyperscore_max	V-Score_max	peptide_VSE
	0	GITQGPNESPSAFLER	sp|A2AAE1|BLTP1_MOUSE	68.75	16	4	1	1	16	827	841	1.1	23.1	GITQGPNESPSAFLER	GTTDGP-ECPTAFLER	0	0	0	0	9231.29	7530.37	0	9181.47	8710.07	0	0	0	0	0	0	0	0	0	II_1092774|TX=10090		18.1096	28.2233156	10.1137156	28.1892518344705	5.3	GITQGPNESPSAFLER
	1	NNNPSFSEDPGK	sp|Q6ZWQ0|SYNE2_MOUSE	87.5	8	1	0	3	10	2205	2212	5.2	21.2	NPSFSEDP	NPSFSEEP	217386	117191	135532	120037	108122	191630	102083	118653	161627	0	112615	95308.5	97420	116303	108920	46198.4	0	0	II_1092774|TX=10090		8.68586	28.9069033333333	20.2210433333333	15.1088292748445	3.5	NNNPSFSEDPGK
	0	GVEVFSSVSPQGGGAGK	sp|Q68ED2|GRM7_MOUSE	50	14	7	0	1	14	234	247	8.8	20.8	GVEVFSSVSPQGGG	GVESFTQISKEAGG	0	0	0	0	0	0	0	0	2106.57	0	0	0	0	0	0	0	1860.67	0	II_1135118|TX=10090		15.1454	21.8899698666667	6.7445698666667	23.9283008110399	6.30588235294117	GVEVFSSVSPQGGGAGK
	0	MTEEEVEMLVAGHEDSNGCINYEELVR	sp|Q60605|MYL6_MOUSE	92.593	27	2	0	1	27	120	146	6.16E-12	54.3	MTEEEVEMLVAGHEDSNGCINYEELVR	MTEEEVEMLVAGHEDSNGCINYEAFVR	2640000	3760000	3740000	4090000	3720000	4160000	5940000	5130000	7130000	1350000	1500000	1040000	939119	1350000	1860000	1910000	1750000	2500000	II_3465872|TX=10090		25.3362	25.3933001333333	0.0571001333333001	92.0079234530393	66.3	MTEEEVEMLVAGHEDSNGCINYEELVR
	0	AMIENFSAK	sp|Q3UX61|NAA11_MOUSE	88.889	9	1	0	1	9	97	105	7.4	20.4	AMIENFSAK	AMIENFGAK	569096	0	0	0	654038	504744	551273	0	653122	328085	0	0	0	0	0	0	0	0	smORFchr18:80211493-80211931		13.1188	16.5182933333333	3.3994933333333	14.9040676739367	0.105	AMIENFSAK
	0	QRTEQGLEWIGR	sp|P01750|HVM06_MOUSE	83.333	12	2	0	1	12	58	69	0.19	25	QRTEQGLEWIGR	QRPGQGLEWIGR	0	0	0	0	0	0	0	0	0	0	0	71452.2	0	5260.46	0	166091	1459.65	42871	SPROMMU10043		15.6744	16.3386894666667	0.6642894666667	23.9865577219674	20.4375	QRTEQGLEWIGR
	1	DYYMHWVK	sp|P06330|HVM51_MOUSE	87.5	8	1	0	1	8	31	38	6.9	20.4	DYYMHWVK	DYYMNWVK	0	0	0	0	0	0	0	120114	0	0	0	0	0	651563	0	0	0	0	SPROMMU10043		16.5871	12.751004	3.836096	11.9060808237877	0.061875	DYYMHWVK
1	0	EPLVQREDQAAPEPSCVPK	sp|Q8R4U0|STAB2_MOUSE	58.824	17	7	0	2	18	2523	2539	0.52	24.3	PLVQREDQAAPEPSCVP	PLYETSTPAAPEPSCDP	0	0	0	0	0	0	0	1779.67	0	0	0	0	0	0	0	0	0	0	SPROMMU103645		12.8345	27.0654124666667	14.2309124666667	29.0379677686939	5.74736842105263	EPLVQREDQAAPEPSCVPK
	0	ENLMTDTAPLCSHHQTR	sp|Q8VI78|PLA1A_MOUSE	58.333	12	5	0	3	14	329	340	4.5	21.6	LMTDTAPLCSHH	LTTSSAPYCVHH	2450000	2710000	3050000	2410000	3480000	1800000	925029	2040000	1650000	5130000	8600000	5700000	5460000	5400000	4910000	0	0	0	SPROMMU10382		13.1591	27.8325088666667	14.6734088666667	32.0704175729771	21.1764705882352	ENLMTDTAPLCSHHQTR
	1	MVLHHPVPAAPAFLLPTR	sp|Q6PDN3|MYLK_MOUSE	61.538	13	5	0	6	18	28	40	2.6	22.3	PVPAAPAFLLPTR	PLTEAPAFILPPR	44259.7	35181.8	0	52508.9	42829.5	50450.6	56425.2	54589.1	87008.7	133175	139019	195460	87965.6	102082	114402	0	0	0	SPROMMU10382		21.9834	22.0525015333333	0.0691015333332992	20.7230519008968	0.383333333333333	MVLHHPVPAAPAFLLPTR
1	0	RCEENCLSCEGSSR	sp|Q925I4|TS1R2_MOUSE	80	10	2	0	3	12	536	545	3.5	21.6	EENCLSCEGS	EFNCLSCPGS	41501.7	36715.9	40502.7	139006	87610.7	61381.8	71470.9	87322.6	70752.7	63817.6	64666.8	28532.5	36286.6	0	64165.3	0	0	0	SPROMMU104789		6.6308	22.1855369333333	15.5547369333333	21.4990718523973	0.0714285714285714	RCEENCLSCEGSSR
	1	CEENCLSCEGSSR	sp|Q925I4|TS1R2_MOUSE	80	10	2	0	2	11	536	545	3.7	21.6	EENCLSCEGS	EFNCLSCPGS	0	0	9152.2	5908.66	14233.3	4808.84	8997.45	9038.92	7898.08	0	24254.3	0	0	0	0	0	0	0	SPROMMU104789		7.39501	7.39500933333333	6.66666670312566E-07	16.4915487161099	0.707692307692307	CEENCLSCEGSSR
	0	QRPGQGLEWIGEIDPSDSYTNYNQK	sp|P01750|HVM06_MOUSE	88	25	3	0	1	25	58	82	1.43E-10	50.1	QRPGQGLEWIGEIDPSDSYTNYNQK	QRPGQGLEWIGRIHPSDSDTNYNQK	0	0	0	0	5577.23	0	0	2722.57	0	0	0	0	0	132721	13813.8	67649.2	0	0	SPROMMU104823		22.913	25.8593417333333	2.9463417333333	42.3979440147872	8.112	QRPGQGLEWIGEIDPSDSYTNYNQK
	0	FHGNFDFDDLVR	sp|O35387|HAX1_MOUSE	91.667	12	1	0	1	12	76	87	0.043	26.9	FHGNFDFDDLVR	FHGNFGFDDLVR	0	0	0	0	0	0	31911.6	0	0	0	0	0	0	0	0	0	0	0	SPROMMU105458		21.2636	22.7960061333333	1.5324061333333	17.6566397031278	0.737499999999999	FHGNFDFDDLVR
	0	FHDPDSAVVAQHLTNTVFVDR	sp|Q9JJ28|FLII_MOUSE	50	16	8	0	3	18	1112	1127	2.3	22.7	DPDSAVVAQHLTNTVF	DPDEAKLAEDILNTMF	0	63475.5	35416.4	80373.9	101491	53193.5	75829.5	94324.1	83210.1	0	48882.6	0	0	34474.4	0	0	56730.8	146935	SPROMMU106540		20.8987	21.0433832	0.144683199999999	28.1152395302953	4.4	FHDPDSAVVAQHLTNTVFVDR
	0	FTTDAITLAMNR	sp|P28076|PSB9_MOUSE	91.667	12	1	0	1	12	174	185	0.11	25.8	FTTDAITLAMNR	FTTNAITLAMNR	0	0	0	0	0	0	40646.4	54293.3	0	0	0	0	0	0	0	0	0	0	SPROMMU106907		20.1679	16.152443	4.015457	21.1578723388429	0.729166666666666	FTTDAITLAMNR
	0	LVAGHEDSNGCINYEELVR	sp|Q60605|MYL6_MOUSE	89.474	19	2	0	1	19	128	146	3.54E-06	38.5	LVAGHEDSNGCINYEELVR	LVAGHEDSNGCINYEAFVR	0	0	0	0	0	0	36238.1	0	53242.9	0	0	0	0	0	0	0	0	0	SPROMMU107192		17.4846	25.9460587333333	8.4614587333333	34.5523495384884	15.3947368421052	LVAGHEDSNGCINYEELVR
	0	LISWYDNEYGFSNR	sp|P16858|G3P_MOUSE	92.857	14	1	0	1	14	308	321	2.64E-05	36.2	LISWYDNEYGFSNR	LISWYDNEYGYSNR	15000000	12400000	7000000	4890000	5070000	4460000	2700000	2410000	1330000	4830000	2290000	3330000	2750000	1660000	1240000	3440000	2130000	1470000	SPROMMU109685		22.1151	22.1811474	0.0660473999999987	32.2771561188917	35.4857142857142	LISWYDNEYGFSNR
	0	PGMVVTFASVNVTTEVK	sp|P10126|EF1A1_MOUSE	94.118	17	1	0	1	17	274	290	2.41E-04	33.9	PGMVVTFASVNVTTEVK	PGMVVTFAPVNVTTEVK	0	0	0	0	0	55872.8	0	0	10393.4	0	0	0	0	0	0	0	0	0	SPROMMU11158		23.7667	23.7480364	0.0186636	26.133857048731	15.75	PGMVVTFASVNVTTEVK
	0	LLSVLCPEESMIHSSAQIVNK	sp|P60882|MEGF8_MOUSE	47.059	17	9	0	5	21	1448	1464	6	21.6	LCPEESMIHSSAQIVNK	LCPENCNAHTGAGICNQ	0	0	0	45812.4	0	42960.7	37746.8	41864.8	66476	0	0	0	50225.9	0	83717.4	69680.9	64186	72567.8	SPROMMU112165		23.8511	25.2855274666667	1.4344274666667	24.9776796957725	2.57142857142857	LLSVLCPEESMIHSSAQIVNK
	1	HLIGADSLIGPDTQIGEK	sp|A2AG58|BCLA3_MOUSE	38.889	18	11	0	1	18	494	511	4.1	21.9	HLIGADSLIGPDTQIGEK	HKVKADSFVTPDITLNER	76469.4	103426	98169	182769	187220	181236	221088	175002	159287	113754	130747	62363.9	161151	198627	141595	157712	212832	202053	SPROMMU112165		19.2761	21.4687268	2.1926268	27.2355587983103	13.375	HLIGADSLIGPDTQIGEK
	0	IYPGDGDTNYNGK	sp|P06327|HVM52_MOUSE	76.923	13	3	0	1	13	70	82	0.094	26.2	IYPGDGDTNYNGK	IYPGDGSTKYNEK	169780	103799	125705	122189	0	64912.6	113985	125515	112181	0	255799	0	190676	287406	0	362884	343326	400230	SPROMMU11325		9.46607	28.2077676	18.7416976	19.1497137451181	4.89230769230769	IYPGDGDTNYNGK
	0	PGVHCADVEVIATLK	sp|P10889|CXCL2_MOUSE	80	15	3	0	1	15	58	72	0.014	28.5	PGVHCADVEVIATLK	PGPHCAQTEVIATLK	0	0	0	106275	136208	75022.7	66562.4	129175	81918.6	86651.6	118044	134460	128893	163800	131264	246054	273998	213214	SPROMMU113435		18.19	23.6422221333333	5.4522221333333	19.5772032538552	5.78666666666666	PGVHCADVEVIATLK
	1	TCLDPNAPGVK	sp|Q9WVL7|CXL15_MOUSE	80	10	2	0	2	11	73	82	3.8	21.6	CLDPNAPGVK	CLDPDAPWVK	322000000	263000000	253000000	317000000	318000000	300000000	283000000	281000000	272000000	990000000	777000000	670000000	531000000	796000000	691000000	494000000	551000000	508000000	SPROMMU113435		10.533	10.6502286666667	0.117228666666701	30.7721523276247	29.1136363636363	TCLDPNAPGVK
1	1	TCLDPNAPGVKR	sp|P15920|VPP2_MOUSE	80	10	2	0	3	12	517	526	3.3	21.6	LDPNAPGVKR	LDPNIPGVFR	277461	392503	52270.5	468627	206872	237725	343555	190206	419501	701271	676372	0	818653	851080	790548	377402	418629	1010000	SPROMMU113435		9.32152	11.4530232	2.1315032	14.3892519257392	0.0358333333333333	TCLDPNAPGVKR
	0	SSFQESCQISHNPDIVK	sp|Q3UMF0|COBL1_MOUSE	92.857	14	1	0	4	17	264	277	5.16E-04	32.7	QESCQISHNPDIVK	RESCQISHNPDIVK	0	0	0	0	938.916	0	2473.72	3529.27	1773.78	0	0	0	0	0	0	0	0	0	SPROMMU117123		13.3704	25.9689192	12.5985192	18.7577925298763	4.16470588235294	SSFQESCQISHNPDIVK
	0	NLATTVTEEILEK	sp|Q7TMK9|HNRPQ_MOUSE	92.308	13	1	0	1	13	344	356	0.054	26.9	NLATTVTEEILEK	NLANTVTEEILEK	819907	524348	367941	585356	682346	824850	768126	938038	664788	330084	401042	401584	863126	588363	714902	1150000	1250000	1190000	SPROMMU118339		25.6243	25.5554564	0.068843600000001	24.7335763538824	9.16923076923076	NLATTVTEEILEK
	1	DYAFVHFEDR	sp|Q5YD48|A1CF_MOUSE	80	10	2	0	1	10	267	276	0.39	23.9	DYAFVHFEDR	DYAFVHFSNR	0	0	0	10008.1	0	8564.61	8265.44	8192.58	0	0	0	0	5173.01	0	12028.3	0	16957.6	5688.16	SPROMMU118339		18.1108	23.2133276	5.1025276	17.1963825017884	0.091	DYAFVHFEDR
	0	LYLDIHNYCVLAK	sp|B2RRF6|Z518A_MOUSE	71.429	7	2	0	4	10	608	614	8.5	20.4	DIHNYCV	DMHNYCI	0	0	0	0	0	0	0	0	0	120734	249862	113234	200940	115628	154242	414690	387037	266012	SPROMMU118986		21.8167	22.4468186	0.630118599999999	19.1248622054368	6.3076923076923	LYLDIHNYCVLAK
	0	ATVNLLGDEK	sp|Q60870|REEP5_MOUSE	90	10	1	0	1	10	173	182	4.8	21.2	ATVNLLGDEK	ATVNLLGDVK	4060000	4670000	6180000	3530000	3540000	4030000	3820000	2900000	3600000	758325	1060000	1100000	1250000	1130000	1250000	2810000	2510000	3100000	SPROMMU120510		14.1456	14.1620931333333	0.0164931333333005	22.9275793452019	30.075	ATVNLLGDEK
	0	LQSSQEPEAPPPR	sp|Q9Z0W1|TNR16_MOUSE	81.818	11	2	0	3	13	214	224	3.5	21.6	SSQEPEAPPPR	STQEPEAPPER	0	0	0	6779.81	0	6909.61	7247.95	11631.6	13628.6	0	7313.67	5492.43	10145.1	6193.63	9590.88	0	0	0	SPROMMU121269		8.20651	21.4923073333333	13.2857973333333	23.7548212884195	0.83076923076923	LQSSQEPEAPPPR
	1	LQSSQEPEAPPPRDVALLQGR	sp|Q9Z0W1|TNR16_MOUSE	76.923	13	3	0	3	15	214	226	0.44	24.6	SSQEPEAPPPRDV	STQEPEAPPERDL	0	0	0	0	1075.38	0	4743.89	2992.97	3493.71	0	0	0	0	0	0	0	0	0	SPROMMU121269		16.3501	24.4226684666667	8.0725684666667	29.0692212544368	4.74285714285714	LQSSQEPEAPPPRDVALLQGR
	0	GGDVAVELPFTLMHPK	sp|Q91YI4|ARRB2_MOUSE	87.5	16	2	0	1	16	334	349	6.25E-05	35.4	GGDVAVELPFTLMHPK	GGDVSVELPFVLMHPK	27836	50456.1	40349.4	55649.9	93102.6	82789.4	58561.9	63312	61888.6	0	0	0	0	21845.5	25658	36300.9	20444.2	21563.6	SPROMMU12261		25.7272	25.7186794	0.00852060000000066	27.4548353641007	22.921875	GGDVAVELPFTLMHPK
	0	LLISEGNTLRPGVPSR	sp|P61161|ARP2_MOUSE	50	16	8	0	1	16	301	316	0.88	23.5	LLISEGNTLRPGVPSR	IVLSGGSTMYPGLPSR	508253	345777	417487	266458	400047	198529	223783	224026	206154	6610000	6710000	6280000	5860000	4350000	4120000	2850000	3050000	2610000	SPROMMU123252		16.9754	17.0085908	0.0331907999999999	25.8614336679481	16.03125	LLISEGNTLRPGVPSR
1	0	ERDLLVVDTPGLFDTK	sp|G3X987|GIMA9_MOUSE	80	15	3	0	2	16	57	71	0.002	31.2	RDLLVVDTPGLFDTK	KNLVVVDTPGLFDTK	0	0	0	2121.47	0	0	833.048	920.442	0	2106.88	0	0	0	0	0	0	0	0	SPROMMU123906		23.7842	28.9390232	5.1548232	23.3623260240551	7	ERDLLVVDTPGLFDTK
	0	VTITCSVSSSISSSNLHWYQQK	sp|P01677|KV6A3_MOUSE	72.727	22	4	1	1	22	19	38	5.74E-04	32.3	VTITCSVSSSISSSNLHWYQQK	VTITCSASSSVS--YMHWYQQK	0	0	0	0	4840000	0	889107	0	1930000	8920000	0	0	18400000	38300000	24800000	0	0	0	SPROMMU124037		20.6031	29.1397700666667	8.5366700666667	35.8475511387697	5.98181818181818	VTITCSVSSSISSSNLHWYQQK
	1	PWIYGTSNLASGVPVR	sp|P01677|KV6A3_MOUSE	75	16	4	0	1	16	45	60	0.008	29.3	PWIYGTSNLASGVPVR	PWIYEISKLASGVPAR	0	0	0	1122.41	3844.75	0	0	1373.48	0	0	0	7232.96	0	12465	7433.76	7475.69	0	0	SPROMMU124037		21.9166	21.9821498	0.0655497999999994	24.6517956635865	14.90625	PWIYGTSNLASGVPVR
	0	ITITCSASSSISSNYLHWYQQK	sp|P01678|KV6A4_MOUSE	77.273	22	3	1	1	22	19	38	1.61E-05	36.6	ITITCSASSSISSNYLHWYQQK	VTITCSASSSVS--YMHWYQQK	0	0	0	0	4227.02	0	58045.4	0	2323.85	0	0	0	0	0	5772.53	6525.97	2702.62	6314.31	SPROMMU124039		22.2137	28.6433681333333	6.4296681333333	42.9113810367089	20.3522727272727	ITITCSASSSISSNYLHWYQQK
	0	FICIYPAYLNNK	sp|Q9D7A6|SRP19_MOUSE	91.667	12	1	0	1	12	15	26	0.019	28.1	FICIYPAYLNNK	FIFIYPAYLNNK	39083.9	25428	66055.5	122449	144512	89816.1	76313.7	102368	97472.8	0	0	0	0	0	0	97323.5	57434.7	38936.9	SPROMMU124794		22.4259	25.9788328	3.5529328	22.1840779056103	20.875	FICIYPAYLNNK
	0	AVTVYTNYPLPGEAFNR	sp|A0A286YEC0|CIROP_MOUSE	50	14	7	0	3	16	59	72	4.5	21.6	TVYTNYPLPGEAFN	TYYSRAPVPGEAWD	0	0	0	2672.81	5639.6	2097.06	1386.79	0	0	0	0	3393.51	0	0	0	0	0	0	SPROMMU12588		21.4568	25.7062674666667	4.2494674666667	27.2828425291576	15.1323529411764	AVTVYTNYPLPGEAFNR
	0	CNFELLEVPWK	sp|P21460|CYTC_MOUSE	54.545	11	5	0	1	11	117	127	1.1	23.1	CNFELLEVPWK	CSFQIYSVPWK	846664	732807	838664	830540	891492	855487	812635	688966	683432	1450000	1900000	1430000	1000000	1250000	1150000	1500000	748631	753458	SPROMMU126451		26.8069	26.7464196666667	0.0604803333332988	30.9254988784724	32.3181818181818	CNFELLEVPWK
1	1	YYLTLDIESTECRK	sp|Q9QXC1|FETUB_MOUSE	58.333	12	5	0	1	12	85	96	4	21.6	YYLTLDIESTEC	FYLTLDVLETDC	0	0	115671	89604.4	146715	152641	145259	185197	143703	200750	243974	151916	69687.6	288827	0	0	67361.5	131534	SPROMMU126451		19.8076	25.9553001333333	6.1477001333333	23.8722009492975	20.1964285714285	YYLTLDIESTECRK
	1	VSGEHMDLTTCPLAAGGQQEK	sp|Q8BJG4|MOB3C_MOUSE	46.667	15	8	0	3	17	79	93	4	21.9	GEHMDLTTCPLAAGG	AEHCSESSCPVMAGG	272552	308603	177443	294812	343974	250819	200730	240044	197033	396633	507108	292328	228884	363424	197002	222918	232400	227789	SPROMMU126451		12.2974	15.343071	3.045671	29.9726597796019	11.9642857142857	VSGEHMDLTTCPLAAGGQQEK
	1	YYLTLDIESTECR	sp|Q9QXC1|FETUB_MOUSE	58.333	12	5	0	1	12	85	96	3.3	21.6	YYLTLDIESTEC	FYLTLDVLETDC	345502	384433	571210	487639	650995	736683	258297	738182	499204	1220000	1530000	962101	755179	1040000	1140000	703552	330282	510691	SPROMMU126451		21.5726	22.7103774666666	1.1377774666666	20.6770280584418	4.61538461538461	YYLTLDIESTECR
	0	GSELESAMETLINVFHAHSGK	sp|P56565|S10A1_MOUSE	95.238	21	1	0	1	21	2	22	1.27E-08	44.3	GSELESAMETLINVFHAHSGK	GSELESAMETLINVFHAHSGQ	0	0	0	0	0	0	0	0	0	0	82039.6	0	60912.8	0	0	89819.5	95803.7	202408	SPROMMU127218		30.1469	17.8474644	12.2994356	26.2708109317446	5.5047619047619	GSELESAMETLINVFHAHSGK
	0	LFQHLHEGYAAPPSPPQTR	sp|Q61508|ECM1_MOUSE	95	20	0	1	1	19	38	57	5.48E-06	38.5	LFQHLHE-GYAAPPSPPQTR	LFQHLHEVGYAAPPSPPQTR	161427	204572	148606	170758	137894	192956	47199.4	31965.3	66658.2	0	0	0	0	0	0	0	0	0	SPROMMU127604		14.5208	14.4444214	0.0763786	23.7886561998996	4.18947368421052	LFQHLHEGYAAPPSPPQTR
	0	SPEPGQTWTHEVFSSR	sp|Q9D9M2|UBP12_MOUSE	53.846	13	4	1	1	13	166	176	3	21.9	SPEPGQTWTHEVF	TPDP--TWVHEIF	19519.6	16379.6	0	29417	0	23762.5	39154.8	35948.6	26510.9	0	0	0	0	14680.5	0	0	0	78379.7	SPROMMU127863		17.3016	24.5564090666667	7.2548090666667	25.1150822348083	6.85	SPEPGQTWTHEVFSSR
	0	QGPQQDPQELQCIK	sp|Q9DD06|RARR2_MOUSE	92.857	14	0	1	1	14	124	136	0.19	25.4	QGPQQDPQELQCIK	QGPQ-DPQELQCIK	12900000	12700000	12400000	11700000	12400000	12300000	6340000	7890000	7370000	5450000	4600000	4970000	4360000	4480000	4410000	1210000	1440000	1130000	SPROMMU12841		12.3872	12.3470870666667	0.0401129333332992	41.0559439008448	42.0428571428571	QGPQQDPQELQCIK
	0	TAPPPPGASHTIK	sp|P28334|5HT1B_MOUSE	80	10	2	0	2	11	9	18	2.5	21.9	APPPPGASHT	APPPPAASQT	47818.6	81912.3	41052.4	51037.8	58274	50485.6	63042.5	67780.7	58547.4	7837.07	0	0	0	0	0	0	0	0	SPROMMU128511		7.71556	28.1180978666667	20.4025378666667	21.5166200010395	0.0542307692307692	TAPPPPGASHTIK
	0	VVAGVAAALAHK	sp|P02089|HBB2_MOUSE	91.667	12	1	0	1	12	134	145	2.1	22.3	VVAGVAAALAHK	VVAGVATALAHK	454280	291793	766658	520561	1680000	464193	494247	519082	452327	661636	413388	3350000	1280000	9970000	5330000	3330000	883381	362986	SPROMMU128628		13.4325	13.5651567333333	0.132656733333301	40.8512211878894	56.1	VVAGVAAALAHK
	1	DFTPAAQAAFQKVVAGVAAALAHK	sp|P02088|HBB1_MOUSE	95.833	24	1	0	1	24	122	145	6.43E-09	46.2	DFTPAAQAAFQKVVAGVAAALAHK	DFTPAAQAAFQKVVAGVATALAHK	0	0	0	70806	91973.9	0	123536	129087	126491	256266	116720	719044	240890	2110000	1130000	2050000	427280	333282	SPROMMU128628		30.4561	30.4869612	0.0308612000000004	60.8607438290429	27.975	DFTPAAQAAFQKVVAGVAAALAHK
	0	IANVDTADTATYYCAR	sp|P18531|HVM60_MOUSE	78.571	14	3	0	3	16	103	116	0.05	26.9	NVDTADTATYYCAR	SVTTEDTATYYCAR	0	0	12597	0	6772.78	2266.08	0	2515.22	5356.77	6728.88	24871.4	0	21415.6	101067	11828	0	40567.5	49391.6	SPROMMU129160		14.0911	25.8182423333333	11.7271423333333	27.2795340157719	7.575	IANVDTADTATYYCAR
	0	ITSVDTADTATYYCAR	sp|P18531|HVM60_MOUSE	75	16	4	0	1	16	101	116	0.032	27.7	ITSVDTADTATYYCAR	LNSVTTEDTATYYCAR	0	0	0	0	0	0	16901.8	0	10948.2	35914.4	0	0	50703.8	0	0	72754.1	0	0	SPROMMU129209		14.0568	14.1250394	0.0682393999999995	32.3934088073243	28.35	ITSVDTADTATYYCAR
	0	GFPVGNVVTDLGLDLGSLSAR	sp|Q91XY4|PCDG4_MOUSE	55.556	18	8	0	4	21	44	61	1.2	23.5	VGNVVTDLGLDLGSLSAR	VGNLAADLGLEPGKLAER	0	0	0	0	0	0	0	0	0	457169	422440	407847	0	0	0	0	0	108758	SPROMMU130308		29.8339	29.0191196666667	0.8147803333333	32.7914211710957	15.75	GFPVGNVVTDLGLDLGSLSAR
	0	SGGADPSLQQGEGSK	sp|Q9D7A6|SRP19_MOUSE	92.857	14	1	0	1	14	122	135	0.014	28.5	SGGADPSLQQGEGS	SGGADPILQQGEGS	262824	219428	277107	366884	424349	308320	425876	483201	448858	132192	203550	131436	309161	321848	405109	217414	282252	217872	SPROMMU133387		6.96078	23.8636910666667	16.9029110666667	17.6420935485133	0.55	SGGADPSLQQGEGSK
	0	FTGSGSGTDFTLTISSVK	sp|P01632|KV1A1_MOUSE	94.444	18	1	0	1	18	68	85	4.07E-05	35.4	FTGSGSGTDFTLTISSVK	FTGSGSGTDFTLTISSVQ	0	0	0	0	9980000	5170000	2530000	2740000	0	0	13400000	0	0	33300000	0	0	0	7830000	SPROMMU134290		21.0216	30.6226910666667	9.6010910666667	16.9788788431995	2.71111111111111	FTGSGSGTDFTLTISSVK
	0	ASENVGTYVSWYQQKPEQSPK	sp|P01634|KV5A2_MOUSE	95.238	21	1	0	1	21	54	74	3.22E-08	43.9	ASENVGTYVSWYQQKPEQSPK	ASENVVTYVSWYQQKPEQSPK	0	50594.2	0	0	36627.9	0	33756.2	31492.4	51304.7	0	87024.8	0	93288.8	317254	128388	90441.5	149091	155514	SPROMMU134741		17.5173	25.7558801333333	8.2385801333333	28.8578208398688	5.16190476190476	ASENVGTYVSWYQQKPEQSPK
	1	ASENVGTYVSWYQQK	sp|P01634|KV5A2_MOUSE	93.333	15	1	0	1	15	54	68	0.002	31.2	ASENVGTYVSWYQQK	ASENVVTYVSWYQQK	0	0	0	0	0	0	715.169	2167.51	0	1953.64	885.891	0	1637.94	6248.35	1662.62	1093.43	1284.84	2937.4	SPROMMU134741		18.4807	27.3452285333333	8.8645285333333	21.3565414278272	6.48	ASENVGTYVSWYQQK
	0	ASQDVGTAVAWYQQK	sp|P01633|KV5A1_MOUSE	86.667	15	2	0	1	15	66	80	0.006	29.6	ASQDVGTAVAWYQQK	ASQDVSTTVAWYQQK	0	0	0	141558	0	0	229912	0	0	0	1020000	0	1000000	1740000	940900	327696	462883	457753	SPROMMU135042		16.3101	24.9832334	8.6731334	23.0128990588115	5.2	ASQDVGTAVAWYQQK
	0	ASQNVGTNVAWYQQK	sp|P84750|KVM5_MOUSE	93.333	15	1	0	1	15	25	39	2.25E-04	33.5	ASQNVGTNVAWYQQK	ASQNVGTNVAWYQKK	293842	278366	251765	274676	249384	199942	272626	266700	300956	92049.6	110399	140058	90860.7	244499	94991.8	203941	106219	192846	SPROMMU135043		14.2518	29.731665	15.479865	22.0402980676114	14.75	ASQNVGTNVAWYQQK
	0	MNSLQTDDTAMYYCAK	sp|P01820|HVM44_MOUSE	93.333	15	1	0	1	15	101	115	2.79E-04	33.1	MNSLQTDDTAMYYCA	MNSLQTDDTARYYCA	0	0	0	0	0	0	0	0	0	0	0	0	342981	354261	0	407650	0	189400	SPROMMU135113		15.8557	30.6481423333333	14.7924423333333	19.7886924324633	1.425	MNSLQTDDTAMYYCAK
1	0	GTAEMVLELYVSDREGNDATGDGTK	sp|Q8BP47|SYNC_MOUSE	96.154	26	0	1	1	25	8	33	6.20E-10	50.1	GTAEMVL-ELYVSDREGNDATGDGTK	GTAEMVLAELYVSDREGNDATGDGTK	46162.4	57456.1	16842.6	56583.9	54093.3	62523.6	62349.6	78775.7	74922.2	9671.68	10461.5	0	0	14182.5	6435.93	0	0	0	SPROMMU135772		23.0736	23.2611554666667	0.187555466666701	38.2249956310121	24.3	GTAEMVLELYVSDREGNDATGDGTK
	0	ASGYTFTDYYMHWVK	sp|P06330|HVM51_MOUSE	93.333	15	1	0	1	15	24	38	1.06E-04	34.3	ASGYTFTDYYMHWVK	ASGYTFTDYYMNWVK	0	0	0	191269	0	0	0	0	0	0	0	0	0	328783	280659	0	0	0	SPROMMU135806		24.3381	24.5123174666667	0.1742174666667	22.9757638871959	23.4	ASGYTFTDYYMHWVK
	0	QRPGQGLEWIGDIYPGSGSTNYNEK	sp|P06327|HVM52_MOUSE	88	25	3	0	1	25	58	82	3.68E-10	48.9	QRPGQGLEWIGDIYPGSGSTNYNEK	QRPGQGLEWIGWIYPGDGSTKYNEK	0	0	0	3268.34	4342.74	0	2877.93	0	0	0	0	4255.23	0	24859.6	508878	136691	281836	109737	SPROMMU135809		23.2164	28.8207543333333	5.6043543333333	32.7810398786993	4.176	QRPGQGLEWIGDIYPGSGSTNYNEK
	0	GLEWIGEINPDSSTINYAPSLK	sp|P01806|HVM36_MOUSE	95.455	22	1	0	1	22	62	83	1.22E-09	47.4	GLEWIGEINPDSSTINYAPSLK	GLEWIGEINPDSSTINYTPSLK	0	0	0	0	1692.96	0	0	0	0	0	188292	0	1047.78	0	0	86718.6	2942.11	0	SPROMMU13657		26.3216	29.0811699333333	2.7595699333333	38.0502196464734	22.3977272727272	GLEWIGEINPDSSTINYAPSLK
	1	LLQSGGGLVQPGGSLK	sp|P01791|HVM22_MOUSE	81.25	16	3	0	1	16	4	19	2.42E-04	33.5	LLQSGGGLVQPGGSLK	LVESGGGLVQPGGSLR	60764	31647.4	44930.8	10843.9	16169.9	13319.9	9787.6	6238.18	10100.5	71351.6	75098.5	92100.1	62722.3	77103	65629	60376.1	63517.8	89887.2	SPROMMU13657		16.3296	30.0054785333333	13.6758785333333	14.7427197584339	0.0190625	LLQSGGGLVQPGGSLK
	0	VTITCSASSSVSYMHWFQQK	sp|P01678|KV6A4_MOUSE	95	20	1	0	1	20	19	38	5.38E-08	42.7	VTITCSASSSVSYMHWFQQK	VTITCSASSSVSYMHWYQQK	0	0	0	3827.12	151254	156284	0	40040.5	0	0	0	0	0	0	0	0	221836	97162.2	SPROMMU136892		22.5057	26.0853910666667	3.5796910666667	30.7446575875358	12.3375	VTITCSASSSVSYMHWFQQK
	1	LWIYSTSNLASGVPAR	sp|P04940|KV6A6_MOUSE	86.667	15	2	0	2	16	46	60	0.002	30.8	WIYSTSNLASGVPAR	WIYDTSKLASGVPAR	692066	473512	505698	263099	464770	188210	155627	210481	102554	248178	263772	432049	359356	803089	512848	751302	280221	424139	SPROMMU136892		22.1651	22.3361435333333	0.1710435333333	34.2325891946031	18.84375	LWIYSTSNLASGVPAR
	1	MEAEDAATYYCQQR	sp|P01661|KV3A9_MOUSE	84.615	13	2	0	1	13	102	114	0.013	28.5	MEAEDAATYYCQQ	VEADDAATYYCQQ	0	0	0	0	2944.56	1955.33	0	0	1001.98	0	0	0	0	108045	0	0	0	0	SPROMMU136892		12.8471	20.2983303333333	7.4512303333333	17.6687030613009	12.0535714285714	MEAEDAATYYCQQR
	0	GMVPDQAGR	sp|O54974|LEG7_MOUSE	88.889	9	1	0	1	9	24	32	2.7	21.6	GMVPDQAGR	GLVPDQAGR	0	0	0	0	4610000	1440000	0	29561.1	0	0	0	0	0	1460000	0	441839	666398	189134	SPROMMU136967		5.8217	8.99914759999999	3.17744759999999	14.247690126273	0.85	GMVPDQAGR
	0	GLIYHGTNLEDGVPSR	sp|P01652|KV5AK_MOUSE	80	15	3	0	2	16	47	61	0.01	28.9	LIYHGTNLEDGVPSR	LIYGASNLEDGVPSR	0	0	0	5633.08	17107	15133.5	7726.24	11551.6	12781.3	28061.9	58748	17158.7	58077.5	57287.1	54609.8	21984.5	21962.4	18710.9	SPROMMU137094		15.6494	28.5462336	12.8968336	25.2604222901999	4.675	GLIYHGTNLEDGVPSR
	0	DPSPCPVITVEHFK	sp|Q811B1|XYLT1_MOUSE	63.636	11	4	0	1	11	115	125	6.8	20.8	DPSPCPVITVE	DPQPSPLITLE	0	0	0	0	0	83547.6	23805.1	967.644	0	0	0	0	0	0	0	539540	0	343327	SPROMMU13740		17.7105	17.7302763333333	0.0197763333333008	23.2658216029916	7.25714285714285	DPSPCPVITVEHFK
	0	LLIYSTSNLNSGVPSR	sp|P01641|KV5A8_MOUSE	80	15	3	0	2	16	69	83	0.014	28.5	LIYSTSNLNSGVPSR	LIYETSNLDSGVPKR	0	11875.2	8012.62	8563.29	4797.58	6948.79	5113.32	9404.81	6973.02	0	0	0	0	3691.71	0	0	0	0	SPROMMU142978		18.6874	27.8735778	9.1861778	20.0634518854885	4.975	LLIYSTSNLNSGVPSR
	1	GNLDWYQQK	sp|P01643|KV5AA_MOUSE	85.714	7	1	0	3	9	33	39	7.1	20.4	LDWYQQK	LBWYQQK	0	0	0	178752	0	0	141126	292834	159380	0	0	0	0	0	0	0	0	0	SPROMMU142978		13.7997	21.6626119333333	7.8629119333333	14.147846424336	15.6666666666666	GNLDWYQQK
	0	IPIHNEDITYDELVLMMQR	sp|E9Q5Z5|FANCF_MOUSE	38.889	18	11	0	1	18	277	294	7.1	21.2	IPIHNEDITYDELVLMMQ	VPTQMEDMPWEELCLRLQ	0	0	0	5322.9	0	0	4585.69	4592.84	85375.1	0	0	0	0	0	0	0	0	0	SPROMMU145035		26.8037	28.4126884666667	1.6089884666667	28.6654690286666	7.64210526315789	IPIHNEDITYDELVLMMQR
	1	LTLFVNGQPRPLESSQVK	sp|P32115|PAX4_MOUSE	64.286	14	5	0	3	16	15	28	1.2	23.5	LFVNGQPRPLESSQ	LFVNGRPLPLDTRQ	35534.9	18720.9	15964.3	32401.6	35233.5	21574.5	44462.4	17209.8	21955.6	22357.2	31136.3	21330.3	13790	16779.8	27767.8	42881.9	32006.9	23387.7	SPROMMU145035		19.6665	29.8316792	10.1651792	22.8700440006028	4.53333333333333	LTLFVNGQPRPLESSQVK
	0	SDLLNALEEVIDNPFYK	sp|P17717|UDB17_MOUSE	88.235	17	2	0	1	17	424	440	4.16E-05	35.8	SDLLNALEEVIDNPFYK	SDVLNALEEVIENPFYK	0	0	0	0	0	0	0	0	0	0	0	0	152812	0	64011	309384	362177	313412	SPROMMU147108		30.722	30.7199632666667	0.00203673333330201	28.3530640836844	12.3529411764705	SDLLNALEEVIDNPFYK
	0	IQLAMVCYSPDFER	sp|P15626|GSTM2_MOUSE	92.857	14	1	0	1	14	109	122	3.20E-04	33.1	IQLAMVCYSPDFER	IQLAMVCYSPDFEK	0	0	0	0	0	0	0	0	0	0	0	0	0	0	0	0	5292.34	6732.36	SPROMMU147469		23.2883	28.3650220666667	5.0767220666667	23.4970217358594	5.2	IQLAMVCYSPDFER
	0	VFEFQLASEDMK	sp|Q91WR5|AK1CL_MOUSE	91.667	12	1	0	1	12	283	294	0.036	27.3	VFEFQLASEDMK	VFEFQLSSEDMK	0	0	0	0	0	0	0	0	0	0	35466.8	0	0	13003.7	24613	0	0	0	SPROMMU147472		21.788	21.7668924666667	0.0211075333333	17.9201404001875	15.375	VFEFQLASEDMK
	0	VADYFVVAGLTDISK	sp|A6H8H2|DEN4C_MOUSE	85.714	14	2	0	1	14	9	22	0.016	28.5	VADYFVVAGLTDIS	VTDYFVVAGLTDTS	0	0	2409.95	0	0	0	1004.39	1148.97	1363.67	0	0	0	0	0	0	0	1311.5	1302.65	SPROMMU148585		26.0427	28.8972342666667	2.8545342666667	21.6238674277147	5.92	VADYFVVAGLTDISK
	1	EPITDVSVIIK	sp|Q3U1Y4|DEN4B_MOUSE	72.727	11	3	0	1	11	45	55	4.1	21.2	EPITDVSVIIK	EPITDVAVIAR	0	0	12595.6	6267	0	4500.19	5845.85	0	4615.43	0	0	0	0	0	0	5158.3	18580.2	7029.5	SPROMMU148585		20.15	21.7962265333333	1.6462265333333	13.5871321017673	2.65454545454545	EPITDVSVIIK
	0	EDLHDMLASMGK	sp|Q9CQ19|MYL9_MOUSE	91.667	12	1	0	1	12	52	63	0.069	26.6	EDLHDMLASMGK	EDLHDMLASLGK	0	0	253469	203923	349456	229223	216066	308489	143858	0	617611	384423	478549	381455	519512	694455	593777	288104	SPROMMU148946		14.8868	20.8248756666667	5.9380756666667	36.4832776706647	49.575	EDLHDMLASMGK
	1	DGFIDKEDLHDMLASMGK	sp|Q3THE2|ML12B_MOUSE	94.444	18	1	0	1	18	46	63	4.56E-06	38.5	DGFIDKEDLHDMLASMGK	DGFIDKEDLHDMLASLGK	0	0	0	75068.3	0	112645	224480	106516	122958	0	370870	0	349888	315392	275974	0	0	208181	SPROMMU148946		24.2641	20.7808218	3.4832782	32.0722818489436	25.45	DGFIDKEDLHDMLASMGK
	0	QGVDDAFYTLVR	sp|Q61411|RASH_MOUSE	91.667	12	1	0	1	12	150	161	0.06	26.6	QGVDDAFYTLVR	QGVEDAFYTLVR	1780000	1700000	1150000	2270000	2290000	2160000	2120000	2560000	2210000	791661	834551	523610	1580000	1370000	1640000	554872	1080000	406636	SPROMMU149224		22.5379	22.6778049333333	0.139904933333298	36.4204802570095	31.875	QGVDDAFYTLVR
	1	TRQGVDDAFYTLVR	sp|P08556|RASN_MOUSE	92.857	14	1	0	1	14	148	161	0.002	30.8	TRQGVDDAFYTLVR	TRQGVEDAFYTLVR	991700	692959	427073	750478	845865	720351	1130000	803951	1200000	437569	406555	408863	805114	482729	798066	282224	547292	338007	SPROMMU149224		20.1142	20.1330186666667	0.0188186666667001	26.7917447414029	27.3857142857142	TRQGVDDAFYTLVR
	0	SSVYLQMNSLR	sp|P01796|HVM27_MOUSE	90.909	11	1	0	1	11	79	89	0.7	23.5	SSVYLQMNSLR	SSVYLQMNNLR	20950.3	0	9458.96	0	0	0	17977.8	0	24105.7	0	0	0	14025.9	37210.4	20641.7	19591.6	0	12323.9	SPROMMU149425		17.5651	25.9692367333333	8.4041367333333	20.184495365936	0.927272727272727	SSVYLQMNSLR
	0	HSLALYPLITCLLCVSQK	sp|E9Q8I9|FRY_MOUSE	94.444	18	1	0	1	18	357	374	2.52E-06	39.3	HSLALYPLITCLLCVSQK	HSLALYPLVTCLLCVSQK	0	0	50643.7	32726.2	0	0	39541.2	34662.9	38940	0	0	32108	43209.7	0	0	0	0	0	SPROMMU15012		29.6919	29.7691364666667	0.0772364666667009	25.4221616460688	5.66666666666666	HSLALYPLITCLLCVSQK
	1	NEVNVPCLK	sp|E9Q8I9|FRY_MOUSE	88.889	9	1	0	1	9	330	338	0.81	23.1	NEVNVPCLK	NEVNVPCLR	0	0	0	0	0	0	0	0	0	0	0	1110000	0	0	0	792062	0	0	SPROMMU15012		13.8101	13.9738147999999	0.1637147999999	16.2016995180994	0.085	NEVNVPCLK
	0	GTQGATAGASSELDASK	sp|Q5DU41|LRC8B_MOUSE	53.846	13	6	0	5	17	191	203	8.3	20.8	ATAGASSELDASK	STSGGSADIDASK	560643	646928	811503	591120	559810	483671	604878	625298	613127	416686	342582	460740	920290	698090	949579	1130000	1330000	1110000	SPROMMU15104		8.73784	22.5357528666667	13.7979128666667	23.7078988025522	5.15294117647058	GTQGATAGASSELDASK
	0	ASQSISDYLHWYQQK	sp|P01645|KV5AC_MOUSE	80	15	3	0	1	15	25	39	0.007	29.3	ASQSISDYLHWYQQK	ASQDISNYLNWYQQK	0	100770	78709.1	98750.6	0	204303	150727	0	171076	126198	41375.2	0	231703	581707	0	0	295887	0	SPROMMU152565		21.8134	23.5716759333333	1.7582759333333	19.740281226642	5.94666666666666	ASQSISDYLHWYQQK
	1	YASQSISGIPSR	sp|P01642|KV5A9_MOUSE	91.667	12	1	0	1	12	70	81	0.27	24.6	YASQSISGIPSR	YASESISGIPSR	185616	174380	163462	151770	224676	106998	115890	154834	131659	294137	199053	153954	224744	741618	260458	631788	589484	529481	SPROMMU152565		11.8463	11.9775548666667	0.131254866666701	27.4207402568764	22.875	YASQSISGIPSR
	0	VVDLMAHMASK	sp|P16858|G3P_MOUSE	90.909	11	1	0	1	11	322	332	0.82	23.1	VVDLMAHMASK	VVDLMAYMASK	547684	0	0	0	0	0	0	0	0	0	0	0	0	0	0	0	0	0	SPROMMU153788		10.693	24.1857802666667	13.4927802666667	16.207132383577	0.0468181818181818	VVDLMAHMASK
	0	NPENWAYYK	sp|Q80UM3|NAA15_MOUSE	88.889	9	1	0	1	9	254	262	2.3	21.6	NPENWAYYK	NPGNWAYYK	865334	639413	360184	675785	854532	485361	644797	940459	789598	0	0	0	175969	205575	0	0	0	0	SPROMMU154703		13.8706	13.9242802666667	0.0536802666667011	18.4064375729862	17.4666666666666	NPENWAYYK
	0	FSVCVLGDQQHCDEAK	sp|P53026|RL10A_MOUSE	93.75	16	1	0	1	16	63	78	3.17E-06	38.9	FSVCVLGDQQHCDEAK	FSVCVLGDQQHCDERK	994414	1330000	1130000	1310000	1160000	1040000	887791	1020000	581540	357270	554719	429857	738257	472879	643530	1140000	1200000	1220000	SPROMMU1559		15.8805	15.8514048666667	0.0290951333332998	31.2653302852797	25.0875	FSVCVLGDQQHCDEAK
	0	VESIYLNVESVSTHR	sp|P70266|F261_MOUSE	86.667	15	2	0	1	15	434	448	0.005	30	VESIYLNVESVSTHR	VESIYLNVEAVNTHR	106514	79611.7	0	92248.1	50386.5	0	59493.3	64493.5	40656.7	0	0	0	0	0	0	0	0	0	SPROMMU158188		18.37	21.4176062666667	3.0476062666667	23.7176868551421	5.2	VESIYLNVESVSTHR
	0	HYPGDFSPEMHASLDK	sp|P01942|HBA_MOUSE	68.75	16	5	0	1	16	113	128	0.008	29.3	HYPGDFSPEMHASLDK	HHPADFTPAVHASLDK	0	0	0	3359.25	4830.83	0	0	0	0	276170	434052	1170000	722186	645730	345088	0	0	0	SPROMMU159678		15.2155	24.0147657333333	8.7992657333333	22.7198652658657	11.390625	HYPGDFSPEMHASLDK
	1	LCVDPANFQFFSHCLLVTLAR	sp|P01942|HBA_MOUSE	75	20	5	0	1	20	92	111	4.64E-05	35.8	LCVDPANFQFFSHCLLVTLA	LRVDPVNFKLLSHCLLVTLA	0	0	0	0	0	0	0	66720	0	228957	405218	279691	563912	579913	460174	0	128192	0	SPROMMU159678		29.936	26.3571358	3.5788642	24.8351260746124	3.5047619047619	LCVDPANFQFFSHCLLVTLAR
	0	VNADEVGGEALGR	sp|P02088|HBB1_MOUSE	92.308	13	1	0	1	13	19	31	0.022	28.1	VNADEVGGEALGR	VNSDEVGGEALGR	586635	791395	629270	2040000	6840000	1940000	2390000	3070000	3180000	1060000	722358	976011	1320000	33900000	1260000	2820000	1910000	1460000	SPROMMU159767		12.1705	12.1287587333332	0.0417412666668007	48.1966769266035	54.8307692307692	VNADEVGGEALGR
	0	IASVDTADTATYYCAR	sp|P18531|HVM60_MOUSE	85.714	14	2	0	3	16	103	116	0.021	28.1	SVDTADTATYYCAR	SVTTEDTATYYCAR	0	0	0	0	1186.85	0	0	0	0	0	0	0	0	9282.48	0	0	0	0	SPROMMU160038		14.261	27.1599811333333	12.8989811333333	27.0447640104464	15.9375	IASVDTADTATYYCAR
	0	DNSQSILYLQMNALR	sp|P01789|HVM20_MOUSE	93.333	15	1	0	1	15	75	89	4.15E-04	32.7	DNSQSILYLQMNALR	DTSQSILYLQMNALR	0	0	0	4897.6	0	0	0	0	0	0	0	0	0	0	0	0	0	0	SPROMMU162577		24.2941	24.4471376	0.153037600000001	26.9918772092472	16.15	DNSQSILYLQMNALR
	1	ANGYTTEYSASVK	sp|P01791|HVM22_MOUSE	92.308	13	1	0	1	13	55	67	0.14	25.8	ANGYTTEYSASVK	ANDYTTEYSASVK	90263.2	56850.1	54182.3	52999.2	47682.9	38888	42752.8	53719.7	46086.5	91802.8	65695.6	61282.5	123720	216105	78204.5	150801	170364	188340	SPROMMU162577		10.4604	25.2749402666667	14.8145402666667	20.6208293988168	8.55384615384615	ANGYTTEYSASVK
	0	IGGDSGLSSR	sp|P70266|F261_MOUSE	90	10	1	0	1	10	270	279	0.68	23.5	IGGDSGLSSR	IGGDSGLSAR	438458	0	266798	221306	277508	276806	235145	192758	0	0	0	195499	0	0	164541	0	0	0	SPROMMU163276		7.19496	19.9363398666667	12.7413798666667	18.0054583601119	0.0675	IGGDSGLSSR
	0	ATGYTFTGYWIEWVK	sp|P01754|HVM10_MOUSE	73.333	15	4	0	1	15	43	57	0.007	29.3	ATGYTFTGYWIEWVK	ASGYTFTSYWMHWVK	0	0	0	0	0	0	0	1629.68	0	0	0	0	0	377997	351480	0	0	0	SPROMMU163291		28.8225	28.8964647333333	0.0739647333332982	23.5196352013384	6.05333333333333	ATGYTFTGYWIEWVK
	1	QRPGHGLEWIGEILPGSGSTNYNEK	sp|P01748|HVM04_MOUSE	80	25	5	0	1	25	58	82	5.79E-09	45.8	QRPGHGLEWIGEILPGSGSTNYNEK	QRPGQGLEWIGNINPGNGGTNYNEK	0	0	74553.9	0	132657	0	25989.8	44391.8	45219.4	0	189376	251887	265764	586065	263441	114718	0	160690	SPROMMU163291		23.8281	25.9562590666667	2.1281590666667	28.0003838303868	2.592	QRPGHGLEWIGEILPGSGSTNYNEK
	0	SLTSEDTAVYYCAR	sp|P01753|HVM09_MOUSE	92.857	14	1	0	1	14	104	117	0.002	30.8	SLTSEDTAVYYCAR	SLTSEDSAVYYCAR	0	0	0	0	10197.8	0	2811.45	0	11848	26905.8	16741.7	0	26471.1	53993.8	31529.9	13880.9	17925	13411.7	SPROMMU164006		14.6845	21.9565036666667	7.2720036666667	23.1198811041323	7.28571428571428	SLTSEDTAVYYCAR
	1	ASGYTFTDYNMDWVK	sp|P01758|HVM14_MOUSE	93.333	15	1	0	1	15	43	57	1.62E-04	33.5	ASGYTFTDYNMDWVK	ASGYTFTDYNMHWVK	0	0	0	0	270111	0	145808	136922	0	506962	481076	632208	568359	2000000	1090000	820200	190039	314397	SPROMMU164006		23.0621	27.5213745333333	4.4592745333333	20.4588904370605	6.08	ASGYTFTDYNMDWVK
	0	QRPGQGLEWIGNINPSNGGTNYNEK	sp|P01748|HVM04_MOUSE	96	25	1	0	1	25	58	82	4.44E-12	53.9	QRPGQGLEWIGNINPSNGGTNYNEK	QRPGQGLEWIGNINPGNGGTNYNEK	7994.34	0	0	174005	282792	0	74272.2	316963	0	0	0	0	0	6174.37	0	0	0	0	SPROMMU165366		20.1096	26.7061318	6.5965318	32.4125016912453	18.612	QRPGQGLEWIGNINPSNGGTNYNEK
	0	ASGYTFTEYTIHWVK	sp|P01758|HVM14_MOUSE	80	15	3	0	1	15	43	57	0.001	31.2	ASGYTFTEYTIHWVK	ASGYTFTDYNMHWVK	0	0	0	0	0	0	0	0	0	0	0	0	0	144051	95967.7	182943	0	0	SPROMMU165413		22.846	23.7471742	0.9011742	18.3489411306394	3.28	ASGYTFTEYTIHWVK
	0	ESDLSHVQNK	sp|Q7TMK9|HNRPQ_MOUSE	90	10	1	0	1	10	82	91	3.3	21.6	ESDLSHVQNK	DSDLSHVQNK	305160	0	203189	357726	260546	373715	290069	243463	264264	0	0	0	275792	0	0	0	129954	187732	SPROMMU165416		5.89594	13.9383195333333	8.0423795333333	13.5367155121614	0.066	ESDLSHVQNK
	0	EDIVFETDHILESLYR	sp|Q9D3G5|STX11_MOUSE	93.75	16	1	0	1	16	31	46	0.001	32	EDIVFETDHILESLYR	EDIVFETDNILESLYR	116884	185047	180569	228685	208966	175552	161462	168948	144547	0	0	0	0	0	0	144094	97115.3	0	SPROMMU16797		28.877	28.9143202	0.0373201999999999	32.7237041937273	19.96875	EDIVFETDHILESLYR
	0	LPGLFQPGCSGAK	sp|A2AS89|GDAH_MOUSE	63.636	11	4	0	3	13	25	35	8.2	20.4	GLFQPGCSGAK	GLFRPGCPGIR	0	0	0	71298.3	66903	0	0	159342	0	0	0	0	0	0	0	0	0	0	SPROMMU169698		18.6636	28.0704779333333	9.4068779333333	21.851241770888	7.47692307692307	LPGLFQPGCSGAK
	0	SSQSIVHSNGNTYLEWYLQK	sp|P01631|KV2A7_MOUSE	90	20	2	0	1	20	25	44	1.72E-07	41.6	SSQSIVHSNGNTYLEWYLQK	SSQSLVHSNGNTYLNWYLQK	170981	0	0	0	0	0	29461	0	0	0	0	0	0	143391	0	102228	0	0	SPROMMU169800		21.8618	26.0853910666667	4.2235910666667	27.5755500117946	16.0875	SSQSIVHSNGNTYLEWYLQK
	0	ENAQYFTHETEVFTNR	sp|Q8BHP2|NUTM1_MOUSE	46.667	15	8	0	1	15	951	965	8.3	20.8	ENAQYFTHETEVFTN	DNQESYTHETTKLTN	944729	939958	1190000	1130000	860157	1130000	1140000	1190000	1390000	0	492434	634180	812989	707108	714784	1110000	842381	962747	SPROMMU17439		17.515	17.5477572	0.0327571999999989	34.8820724097846	19.4625	ENAQYFTHETEVFTNR
	1	AEPCADWLR	sp|Q925E0|SNTG2_MOUSE	77.778	9	2	0	1	9	262	270	3	21.6	AEPCADWLR	AQDCADWLR	0	0	0	208364	105609	223403	227044	253718	219928	0	0	0	0	0	0	38588.2	0	93480.7	SPROMMU17439		15.9644	18.9864273333333	3.0220273333333	13.4040482667471	0.0716666666666666	AEPCADWLR
	0	ADGYNQPDSK	sp|Q7TMK9|HNRPQ_MOUSE	90	10	1	0	1	10	567	576	0.38	24.3	ADGYNQPDSK	ADGYNQPDTK	90252.2	0	0	91877.4	113052	90047.7	48719.5	104731	82671.7	0	0	0	0	162755	0	0	0	0	SPROMMU17461		5.46092	17.4758017333333	12.0148817333333	15.4387514730362	0.069	ADGYNQPDSK
	0	IEFNHNSIMNYK	sp|P06909|CFAH_MOUSE	72.727	11	3	0	2	12	769	779	0.7	23.5	EFNHNSIMNYK	EFTHNSTMDYK	0	0	0	0	0	0	0	0	0	804348	967549	932655	925456	1680000	1550000	810368	1050000	847729	SPROMMU177415		16.1461	16.1769938666667	0.0308938666666982	29.0584020746204	41.85	IEFNHNSIMNYK
	1	WDPEPNCIR	sp|P06909|CFAH_MOUSE	87.5	8	1	0	1	8	796	803	3.2	21.2	WDPEPNCI	WDPEPNCT	962953	637380	543967	758592	414534	316641	202661	131650	242829	660338	753560	438488	0	753911	753257	323746	0	0	SPROMMU177415		12.8544	21.8816469333333	9.0272469333333	17.3738568862214	1.2	WDPEPNCIR
	1	STAIEAIKPK	sp|P06909|CFAH_MOUSE	90	10	1	0	1	10	757	766	4.5	21.2	STAIEAIKPK	STGIEAIKPK	0	0	0	0	0	0	0	0	0	422481	1510000	190885	1160000	681213	914086	768474	367978	1100000	SPROMMU177415		10.079	10.0439326666667	0.0350673333333003	18.6983040936941	19.2	STAIEAIKPK
	0	MPEDGLSEDK	sp|Q9QXY7|XK_MOUSE	77.778	9	2	0	1	9	109	117	4.6	21.2	MPEDGLSED	MPKDGLSEE	3860000	3970000	3710000	4360000	4910000	3640000	3320000	2920000	3640000	2290000	1870000	2480000	713073	525335	1070000	249109	293129	338338	SPROMMU178730		9.14843	9.12121813333333	0.0272118666666685	25.2576656149768	28.275	MPEDGLSEDK
	1	MPEDGLSEDKK	sp|Q9QXY7|XK_MOUSE	77.778	9	2	0	1	9	109	117	4.9	21.2	MPEDGLSED	MPKDGLSEE	0	0	0	0	434.358	637.744	55648.4	0	63012	0	0	0	0	0	0	0	0	0	SPROMMU178730		7.70053	23.2337593333333	15.5332293333333	14.6036360721508	8.65454545454545	MPEDGLSEDKK
	0	VDEAVAVLQAHHAK	sp|P29341|PABP1_MOUSE	92.857	14	1	0	1	14	607	620	0.011	28.9	VDEAVAVLQAHHAK	VDEAVAVLQAHQAK	0	0	0	0	0	0	0	54821.5	0	0	0	0	0	0	0	0	0	0	SPROMMU179443		12.1306	27.9702782666667	15.8396782666667	17.4487893124074	12.375	VDEAVAVLQAHHAK
	0	SNLCLPICPTNPETTEFLGNAVNVK	sp|P35461|LY6G_MOUSE	76	25	6	0	1	25	71	95	1.25E-06	40	SNLCLPICPTNPETTEFLGNAVNVK	SNLCLPICPTTLDNTEITGNAVNVK	0	0	0	0	0	0	0	0	0	3710000	4410000	4890000	7010000	4980000	4810000	4900000	5000000	5950000	SPROMMU179532		26.9528	25.793455	1.159345	37.9375197372124	11.13	SNLCLPICPTNPETTEFLGNAVNVK
	1	LECYCCLGVPLETSCK	sp|P35461|LY6G_MOUSE	75	16	4	0	1	16	27	42	0.024	28.1	LECYCCLGVPLETSCK	LECYNCIGVPPETSCN	0	0	0	19496.2	0	7534.95	7715.35	7918.09	0	68382.1	55538.1	75404.8	65129.8	56674.9	70695.3	54267.5	49211.7	30422.3	SPROMMU179532		19.6672	25.9923606	6.3251606	17.9740349913002	4.975	LECYCCLGVPLETSCK
	0	SDLQAMTMPTTPTK	sp|P35347|CRFR1_MOUSE	54.545	11	5	0	4	14	393	403	4.2	21.6	QAMTMPTTPTK	RAMSIPTSPTR	0	0	0	105954	190792	87792.2	0	140288	239136	0	293079	183597	357789	111513	0	0	0	0	SPROMMU17954		15.8169	24.0952064666667	8.2783064666667	17.7296216012235	2.77142857142857	SDLQAMTMPTTPTK
	0	SEAFLPFSTGK	sp|P12791|CP2BA_MOUSE	90.909	11	1	0	1	11	423	433	0.32	24.3	SEAFLPFSTGK	SEAFLPFSTGQ	0	184230	309710	164253	106923	177402	253611	116360	144777	0	60845.3	0	91962.2	0	0	324822	176136	228038	SPROMMU180257		20.2833	20.3551242	0.0718241999999982	16.4885243844865	0.9	SEAFLPFSTGK
	0	AAQAAVASYNMGSDSLYYFR	sp|Q80ZN5|CST13_MOUSE	50	16	8	0	5	20	51	66	8.3	21.2	AVASYNMGSDSLYYFR	AMKEYNKASNDLYNFR	299487	301764	316124	273683	401480	393904	406660	390216	409654	842053	1070000	565961	483994	538309	614335	721581	0	0	SPROMMU18064		22.4003	22.4894385333332	0.0891385333331982	39.1324142563566	17.5125	AAQAAVASYNMGSDSLYYFR
	0	QLNTALPQEFAALTK	sp|P60469|LIPA3_MOUSE	86.667	15	2	0	1	15	73	87	0.076	26.6	QLNTALPQEFAALTK	QLSIALPQEFAALTK	0	0	0	0	0	0	0	0	132310	0	0	0	0	0	0	124697	177849	118088	SPROMMU181419		24.3704	29.0434189333332	4.6730189333332	18.5843063170597	11.85	QLNTALPQEFAALTK
	0	ASGYTFTSYGISWVK	sp|P01747|HVM03_MOUSE	93.333	15	1	0	1	15	23	37	8.02E-04	32	ASGYTFTSYGISWVK	ASGYTFTSYGINWVK	1721.43	0	0	1593	48207.7	0	0	0	0	0	0	0	0	3330.32	0	0	0	0	SPROMMU182919		23.9013	28.259082	4.357782	22.4866729446019	6.61333333333333	ASGYTFTSYGISWVK
	1	TGQGLEWIGEIYPR	sp|P01749|HVM05_MOUSE	91.667	12	1	0	2	13	61	72	0.009	28.9	GQGLEWIGEIYP	GQGLEWIGNIYP	0	126585	121337	106002	300925	83465.1	80102.2	87336.2	40977.7	259189	300305	270442	230205	346106	316963	226792	148127	118482	SPROMMU182919		25.1755	25.1680110666667	0.00748893333329903	25.4383152269438	17.0357142857142	TGQGLEWIGEIYPR
	0	FFLLCGLGGIISCGTTHTALVPLDLIK	sp|Q8VEM8|S25A3_MOUSE	66.667	27	9	0	1	27	59	85	1.72E-09	48.9	FFLLCGLGGIISCGTTHTALVPLDLIK	YYALCGFGGVLSCGLTHTAVVPLDLVK	123202	0	79453.8	130729	116662	122680	116379	232234	163935	0	0	0	80872.7	56997.4	0	74464.7	102647	140268	SPROMMU183092		30.5981	30.5726511333333	0.0254488666667001	51.6203697593586	22.4666666666666	FFLLCGLGGIISCGTTHTALVPLDLIK
	0	ASQEISGYLSWLQQKPDGTIK	sp|P04946|KV5AM_MOUSE	76.19	21	5	0	1	21	25	45	1.33E-06	39.3	ASQEISGYLSWLQQKPDGTIK	ASQDISNYLNWYQQKPDGTVK	0	153931	151861	107198	244585	149978	76661.8	189860	76654.9	141564	161110	212384	123454	807684	497712	348140	194514	200321	SPROMMU185558		24.9479	25.0914907333333	0.143590733333298	37.3974953967487	20.1428571428571	ASQEISGYLSWLQQKPDGTIK
	0	YLSISNIQPEDEAIYICGVGDTIK	sp|P13373|VPB1B_MOUSE	75	20	5	0	1	20	99	118	3.47E-06	38.9	YLSISNIQPEDEAIYICGVG	YLSISELQPEDEAVYYCAVG	0	0	0	0	0	0	0	0	0	0	0	0	0	187532	0	3062.86	0	0	SPROMMU185711		26.868	29.0082952666667	2.1402952666667	28.1419266132832	16.21875	YLSISNIQPEDEAIYICGVGDTIK
	0	LISWYDNQYGYSNR	sp|P16858|G3P_MOUSE	92.857	14	1	0	1	14	308	321	2.15E-05	36.6	LISWYDNQYGYSNR	LISWYDNEYGYSNR	0	0	0	0	0	0	0	0	0	0	0	668761	0	0	0	0	0	0	SPROMMU187002		19.3692	19.3551112	0.0140887999999997	27.1796022172853	12.5142857142857	LISWYDNQYGYSNR
	0	ASGYSFTDYNMNWVK	sp|P01758|HVM14_MOUSE	86.667	15	2	0	1	15	43	57	3.19E-04	32.7	ASGYSFTDYNMNWVK	ASGYTFTDYNMHWVK	0	0	0	0	5839.13	0	0	0	0	0	23810.5	30074.3	0	49978.5	34192.6	38946.6	21024.6	0	SPROMMU189906		22.5556	29.4858376666667	6.9302376666667	18.6924313652844	7.76	ASGYSFTDYNMNWVK
	0	IYPGSGNTYYNEK	sp|P06327|HVM52_MOUSE	76.923	13	3	0	1	13	70	82	0.31	24.6	IYPGSGNTYYNEK	IYPGDGSTKYNEK	0	543579	0	0	9253.41	0	0	0	0	0	0	0	10052.9	18012	0	0	0	0	SPROMMU19033		10.863	6.79625973333333	4.06674026666667	19.1587566516287	13.3846153846153	IYPGSGNTYYNEK
	0	SSSTAYMQLK	sp|P01746|HVM02_MOUSE	90	10	1	0	1	10	94	103	4.2	21.2	SSSTAYMQLK	SSSTAYMQLR	0	0	0	7736.24	4887.97	0	0	0	0	34209.6	50367.3	54994	42340.7	104734	45093.6	38875.3	0	18366.2	SPROMMU19036		11.8403	11.9509588666667	0.1106588666667	13.5508962150648	0.815	SSSTAYMQLK
	0	LCPADDSIKPGDSPVDK	sp|Q1EG27|MYO3B_MOUSE	63.636	11	4	0	1	11	1199	1209	7.4	21.2	LCPADDSIKPG	LSPCEDSLKPG	0	0	0	0	14000000	83546.7	411319	142147	103081	0	0	0	0	0	0	99900000	0	16400000	SPROMMU19084		12.0297	15.7524545333333	3.7227545333333	22.6051662109304	2.4235294117647	LCPADDSIKPGDSPVDK
	0	VYIQSGEDIEFACK	sp|P06909|CFAH_MOUSE	71.429	14	4	0	1	14	1194	1207	0.072	26.6	VYIQSGEDIEFACK	IYSHSGEDIEFGCK	2340000	2400000	2660000	378961	337837	323318	129967	167127	112575	69900000	73800000	82700000	94000000	98500000	90900000	90000000	83500000	85600000	SPROMMU19118		17.3692	17.5064288666667	0.1372288666667	50.8866763317789	57.9857142857142	VYIQSGEDIEFACK
	1	WSEPPTCLHACVIPEDIMER	sp|P06909|CFAH_MOUSE	94.737	19	1	0	1	19	1162	1180	1.56E-07	42.7	WSEPPTCLHACVIPEDIME	WSEPPTCLHACVIPENIME	970419	1170000	818854	0	0	169892	0	0	0	11600000	14200000	12100000	19400000	15100000	15300000	11200000	15100000	12300000	SPROMMU19118		20.2932	23.3693826	3.0761826	64.0155624964947	42.39	WSEPPTCLHACVIPEDIMER
	1	GSPPFLTTCINGHINYPTCV	sp|P06909|CFAH_MOUSE	84.211	19	3	0	2	20	1216	1234	2.60E-05	36.6	SPPFLTTCINGHINYPTCV	SPPFRTKCINGTINYPTCV	1700000	0	0	0	0	456619	0	0	0	54300000	66500000	55800000	84300000	85100000	101000000	77400000	58400000	86400000	SPROMMU19118		24.2267	24.3686524	0.141952399999997	54.6969440798223	43.56	GSPPFLTTCINGHINYPTCV
	0	GLLTPESDVSIAHVLAAR	sp|Q3TJZ6|FA98A_MOUSE	64.706	17	6	0	2	18	256	272	0.028	28.1	LLTPESDVSIAHVLAAR	LLSPKGKVSVAHLLAAR	1260.34	1509.85	2666.36	3063.47	1491.71	2570.82	2686.38	2531.19	3209.08	0	0	0	0	0	0	0	0	0	SPROMMU192274		24.4324	29.1090012666667	4.6766012666667	23.4541192874056	3.53333333333333	GLLTPESDVSIAHVLAAR
	1	VLMGDVPDR	sp|Q3TJZ6|FA98A_MOUSE	88.889	9	1	0	1	9	297	305	3.8	21.2	VLMGDVPDR	VLMGRVPDR	258851	0	0	0	146558	109422	216448	219890	222550	153427	0	0	0	0	0	0	0	0	SPROMMU192274		12.6668	18.7715797333333	6.1047797333333	15.7682480264734	0.0777777777777777	VLMGDVPDR
	0	LISWYNNEFGYSNR	sp|P16858|G3P_MOUSE	85.714	14	2	0	1	14	308	321	1.29E-04	34.3	LISWYNNEFGYSNR	LISWYDNEYGYSNR	41162.8	182113	23862.9	130268	126743	89105.4	9367.5	63243.7	93231.5	21918.7	0	0	10900.9	0	0	13155.6	0	4166.5	SPROMMU197606		22.0959	21.6695341333333	0.4263658666667	19.5186411454507	4.54285714285714	LISWYNNEFGYSNR
	0	QRPEQGLEWIGYIYPR	sp|P06327|HVM52_MOUSE	86.667	15	2	0	1	15	58	72	3.10E-04	33.1	QRPEQGLEWIGYIYP	QRPGQGLEWIGWIYP	0	39545.6	58582.5	0	83461.8	0	0	21501.5	36265.5	0	0	79465.1	74685.7	143968	77832.4	134144	88131.8	42541	SPROMMU197641		25.2472	28.1424097333333	2.8952097333333	29.181630318834	16.171875	QRPEQGLEWIGYIYPR
	0	LSVLCQDNFLTQDSEEMVCK	sp|P06909|CFAH_MOUSE	95	20	1	0	1	20	832	851	8.52E-08	43.5	LSVLCQDNFLTQDSEEMVCK	LSVLCQDNYLTQDSEEMVCK	4830000	0	0	0	0	0	0	0	0	17100000	20400000	19100000	31600000	28100000	32000000	36100000	43900000	28900000	SPROMMU197870		21.6365	23.9419502666667	2.3054502666667	70.3762733172865	84.375	LSVLCQDNFLTQDSEEMVCK
	0	SLTSEDSAVYYCTR	sp|P06328|HVM49_MOUSE	92.857	14	1	0	1	14	104	117	0.003	30	SLTSEDSAVYYCTR	SLTSEDSAVYYCAR	0	28625	25788.3	26464.4	43779	23554.5	19590.4	15897.7	15846.3	48117.8	39025.7	35880.5	54897.7	117577	69203.9	83159.7	87533.8	52870.3	SPROMMU198645		13.8365	23.4858912	9.6493912	22.0818969552837	6.17142857142857	SLTSEDSAVYYCTR
	1	QTPVHGLEWIGAIDPETGGTAYNQK	sp|P01753|HVM09_MOUSE	68	25	8	0	1	25	58	82	9.87E-07	40	QTPVHGLEWIGAIDPETGGTAYNQK	QRPGRGLEWIGRIDPNSGGTKYNEK	0	60541.6	94418.6	78406.8	88702.1	58588.6	113578	0	41583.9	111119	111932	205344	205699	296756	218460	323330	299583	222205	SPROMMU198645		23.6927	25.9514780666667	2.2587780666667	40.0525614485912	7.344	QTPVHGLEWIGAIDPETGGTAYNQK
	0	NTLFLQMTSLR	sp|P18529|HVM58_MOUSE	81.818	11	2	0	1	11	96	106	1.2	22.7	NTLFLQMTSLR	NTLYLQMSSLR	349162	310527	488923	495115	611913	363891	352465	539543	393888	507222	764277	851337	804355	1810000	1060000	1570000	1300000	1150000	SPROMMU198724		24.1116	24.2233485333333	0.111748533333301	27.5014821696085	26.4545454545454	NTLFLQMTSLR
	1	LSCAASGFTFSDYGMHWVR	sp|P18528|HVM57_MOUSE	89.474	19	2	0	1	19	20	38	1.11E-06	39.3	LSCAASGFTFSDYGMHWVR	LSCAASGFTFSDYYMYWVR	0	425135	0	338535	298311	179050	310659	223111	293940	790527	0	0	632654	651938	1010000	833859	0	578541	SPROMMU198724		24.2546	20.7975766666667	3.4570233333333	28.9832454636691	16.3421052631578	LSCAASGFTFSDYGMHWVR
	0	GLEWIGQIYPGDGDTNYNGK	sp|P01750|HVM06_MOUSE	75	20	5	0	1	20	63	82	3.81E-06	38.1	GLEWIGQIYPGDGDTNYNGK	GLEWIGRIHPSDSDTNYNQK	0	0	0	0	0	0	0	0	0	0	0	0	0	0	0	314166	0	193899	SPROMMU198725		24.1857	27.3172309333333	3.1315309333333	32.1969634102733	4.86	GLEWIGQIYPGDGDTNYNGK
	0	EEEEPMDTSSVTHTEHYK	sp|Q7TMK9|HNRPQ_MOUSE	58.824	17	6	1	3	18	12	28	6.9	21.2	EEPMDTSS-VTHTEHYK	EEPMDTTSAVIHSENFQ	0	0	0	3271.37	0	3274.26	0	81177.7	3040.26	0	0	0	0	0	2537.26	0	0	6162.62	SPROMMU199327		10.5952	20.6727207333333	10.0775207333333	25.8177309679504	6.4	EEEEPMDTSSVTHTEHYK
	1	EFNEEGALSVLQQFK	sp|Q7TMK9|HNRPQ_MOUSE	86.667	15	2	0	1	15	67	81	0.002	30.8	EFNEEGALSVLQQFK	EFNEDGALAVLQQFK	0	11955.5	4260.15	0	2141.58	0	2938.41	1179.17	2068.18	0	0	0	0	4667.82	0	0	2579.99	3768.94	SPROMMU199327		26.9215	27.4176990666666	0.496199066666598	15.7822608973624	12.7	EFNEEGALSVLQQFK
1	1	AIDALREFNEEGALSVLQQFK	sp|Q7TMK9|HNRPQ_MOUSE	80.952	21	4	0	1	21	61	81	8.55E-06	38.1	AIDALREFNEEGALSVLQQFK	AIEALKEFNEDGALAVLQQFK	0	0	0	95850.8	0	86263.1	130499	0	0	148946	0	0	0	0	0	0	160188	0	SPROMMU199327		28.6429	29.2459078	0.6030078	30.2940090302736	17.6785714285714	AIDALREFNEEGALSVLQQFK
	0	NTELCETPATSDTK	sp|Q8VCH8|UBXN4_MOUSE	92.857	14	1	0	1	14	150	163	0.004	30	NTELCETPATSDTK	NTELCETPATSDIK	4060000	0	3830000	3140000	2500000	0	2410000	1940000	2260000	0	0	0	0	0	0	0	0	0	SPROMMU199419		9.15421	29.1089416	19.9547316	21.7960391801151	5.85714285714285	NTELCETPATSDTK
	0	ASQSISNNLHWYQQK	sp|P01642|KV5A9_MOUSE	66.667	15	5	0	1	15	45	59	0.034	27.3	ASQSISNNLHWYQQK	ASQSIGTSIHWYQQR	0	0	477764	79176.5	144506	0	0	0	255667	0	207023	0	137790	290944	0	168327	4634.69	0	SPROMMU200897		15.2106	17.2948932	2.0842932	18.6657264250454	6	ASQSISNNLHWYQQK
	0	VADALANAAGHLDDLPGALSALSDLHAHK	sp|P01942|HBA_MOUSE	96.552	29	1	0	1	29	63	91	8.34E-12	53.9	VADALANAAGHLDDLPGALSALSDLHAHK	VADALASAAGHLDDLPGALSALSDLHAHK	2800000	2540000	1970000	4170000	3970000	3980000	4150000	4620000	3270000	6220000	6690000	5490000	12300000	12000000	7820000	7870000	8910000	8360000	SPROMMU20296		27.9885	27.9929042666667	0.00440426666670035	117.680374563901	120.755172413793	VADALANAAGHLDDLPGALSALSDLHAHK
	0	LLIYGASTR	sp|P01657|KV3A5_MOUSE	88.889	9	1	0	1	9	50	58	9.4	20	LLIYGASTR	LLIYGASNR	1180000	1750000	986508	451956	504960	2400000	574646	299339	148207	0	0	0	0	0	0	0	0	0	SPROMMU203233		14.4947	14.4683359333333	0.0263640666666998	18.2452328736811	12.6666666666666	LLIYGASTR
	0	ASQDVSTAVAWYQQK	sp|P01633|KV5A1_MOUSE	93.333	15	1	0	1	15	66	80	0.001	31.6	ASQDVSTAVAWYQQK	ASQDVSTTVAWYQQK	0	0	0	0	3744.07	0	0	1302.81	0	9527.54	7891.52	4648.3	3524.35	213758	0	4950.1	0	5773.7	SPROMMU203239		16.5525	29.7489543333333	13.1964543333333	24.3380956967307	13.65	ASQDVSTAVAWYQQK
	0	GLEWVAQIR	sp|P01802|HVM33_MOUSE	88.889	9	1	0	1	9	44	52	4.6	21.2	GLEWVAQIR	GLEWVAEIR	0	0	3170000	6170000	6840000	3480000	5450000	6350000	5820000	7700000	3170000	4810000	7360000	8980000	7280000	9070000	8030000	9910000	SPROMMU203798		20.8203	20.8752964	0.0549964000000003	16.1468418637347	0.761111111111111	GLEWVAQIR
	1	SDNYATHYAESVK	sp|P01801|HVM32_MOUSE	92.308	13	1	0	1	13	55	67	0.015	28.1	SDNYATHYAESVK	SNNYATHYAESVK	0	12420.8	0	9975.7	8673.38	6329.05	8597.26	7766.66	8044.52	0	0	0	0	6520.39	0	0	59033.6	0	SPROMMU203798		9.96745	23.0485128666667	13.0810628666667	19.8457582738384	13.2115384615384	SDNYATHYAESVK
	0	ENPPAQPQEEIVQK	sp|Q61508|ECM1_MOUSE	92.308	13	1	0	2	14	135	147	0.055	26.9	NPPAQPQEEIVQK	DPPAQPQEEIVQK	25600000	27000000	19200000	7080000	7220000	6990000	1540000	1870000	1560000	2450000	2790000	3320000	2740000	2440000	2680000	1740000	2350000	2030000	SPROMMU204563		10.9875	10.9650305333333	0.0224694666667009	28.5663110911435	27.6428571428571	ENPPAQPQEEIVQK
1	0	FTISRDDSESMLYLQMNNLK	sp|P01804|HVM35_MOUSE	80	20	4	0	1	20	64	83	1.81E-06	38.9	FTISRDDSESMLYLQMNNLK	FTISRDDSKSSVYLQMNNLR	0	195912	132084	149498	148480	107356	235937	226393	269423	0	0	0	0	0	0	0	0	0	SPROMMU204589		23.6654	28.8930436	5.2276436	45.5508361074873	18.75	FTISRDDSESMLYLQMNNLK
	1	SNNYATYYADSVK	sp|P01801|HVM32_MOUSE	84.615	13	2	0	1	13	55	67	0.11	25.8	SNNYATYYADSVK	SNNYATHYAESVK	4940000	3570000	3480000	4440000	4830000	4250000	5760000	6630000	6550000	614768	484831	558453	607473	1320000	651105	463082	484797	499035	SPROMMU204589		14.1497	14.2030257333333	0.0533257333333008	36.6120921537791	29.7115384615384	SNNYATYYADSVK
	1	TEDTAMYYCVR	sp|P18525|HVM54_MOUSE	81.818	11	2	0	1	11	107	117	0.12	25.8	TEDTAMYYCVR	SEDTAMYYCAR	465102	573552	268806	288585	367312	267019	241837	237776	192721	0	0	0	0	0	0	0	0	0	SPROMMU204589		11.4595	13.676292	2.216792	25.2106431868141	21.2727272727272	TEDTAMYYCVR
	1	LSCAASGFSFNTYAMNWVR	sp|P18527|HVM56_MOUSE	78.947	19	4	0	1	19	20	38	6.41E-06	37.4	LSCAASGFSFNTYAMNWVR	LSCAASGFTFSSYAMSWVR	261926	351569	238080	177035	152407	147267	175436	193524	109429	0	0	0	0	0	0	0	0	0	SPROMMU204589		24.8931	27.1356857333333	2.2425857333333	43.3076957768659	19.8157894736842	LSCAASGFSFNTYAMNWVR
	0	LSCVTSGFTFSNYR	sp|P01803|HVM34_MOUSE	92.308	13	1	0	1	13	20	32	0.013	28.5	LSCVTSGFTFSNY	LSCVASGFTFSNY	0	0	0	4344.25	2816.55	3430.44	111155	0	7048.83	0	964036	842039	1370000	0	185118	0	0	2400000	SPROMMU204714		19.7832	23.8336082	4.0504082	22.552307316957	7.94285714285714	LSCVTSGFTFSNYR
	1	SDNYGANYAESVK	sp|P01801|HVM32_MOUSE	69.231	13	4	0	1	13	55	67	3.7	21.6	SDNYGANYAESVK	SNNYATHYAESVK	0	0	0	7198.97	10736.3	4410.64	14840.5	24503	23621	13290.7	22513.7	0	0	29119.6	22381.5	27435.2	18839.8	32507.7	SPROMMU204714		11.1061	24.3633145333333	13.2572145333333	15.4136156958718	6.06153846153846	SDNYGANYAESVK
	0	VQCYNGYSLQNDQDIMTCTENGWSPPPK	sp|P06909|CFAH_MOUSE	92.857	28	2	0	1	28	414	441	4.92E-13	58.9	VQCYNGYSLQNDQDIMTCTENGWSPPPK	VQCYNGYSLQNGQDTMTCTENGWSPPPK	0	0	0	0	0	0	0	0	0	657085	39371	124475	475075	191364	50297.7	96537.7	26219.2	34345.3	SPROMMU204860		21.17	21.2463130666667	0.0763130666666996	48.226720234361	18.1285714285714	VQCYNGYSLQNDQDIMTCTENGWSPPPK
1	0	FTISRDDSQSMLYLQMNNLK	sp|P01804|HVM35_MOUSE	80	20	4	0	1	20	64	83	1.51E-06	39.3	FTISRDDSQSMLYLQMNNLK	FTISRDDSKSSVYLQMNNLR	6337.39	0	0	0	0	0	0	0	0	0	0	0	0	0	0	0	0	0	SPROMMU20512		23.6494	25.1848965333333	1.5354965333333	31.0415218123709	4.44	FTISRDDSQSMLYLQMNNLK
	1	DDSQSMLYLQMNNLK	sp|P01804|HVM35_MOUSE	73.333	15	4	0	1	15	69	83	0.008	29.3	DDSQSMLYLQMNNLK	DDSKSSVYLQMNNLR	112671	6379.39	4649.46	9233.89	10211.3	8918.03	47823.9	10454.5	9199.74	0	0	0	0	0	0	0	0	0	SPROMMU20512		22.6047	29.9645488	7.3598488	22.2772170094988	8.96	DDSQSMLYLQMNNLK
	1	SSNYATYYADSVK	sp|P01801|HVM32_MOUSE	76.923	13	3	0	1	13	55	67	0.59	23.9	SSNYATYYADSVK	SNNYATHYAESVK	78283.6	87105.6	0	36277.2	34195.3	32882.4	51950.4	53539.2	35409.7	0	51237.4	0	30422.8	52177.6	0	42243.1	45537.9	39639.8	SPROMMU20512		14.112	28.6146457333333	14.5026457333333	14.9811089667892	6.86153846153846	SSNYATYYADSVK
	0	VGTDLLQEEITKFEEHVQSVDIAAFNK	sp|P57776|EF1D_MOUSE	92.593	27	2	0	1	27	254	280	2.79E-11	53.9	VGTDLLQEEITKFEEHVQSVDIAAFNK	VGTDLLEEEITKFEEHVQSVDIAAFDK	57362	0	0	0	185634	0	283904	310099	242285	1790000	2160000	881813	3710000	2800000	4080000	3100000	2730000	2810000	SPROMMU207943		29.6816	29.7099178	0.0283178	73.7273590214145	34.6	VGTDLLQEEITKFEEHVQSVDIAAFNK
	1	FEEHVQSVDIAAFNK	sp|P57776|EF1D_MOUSE	93.333	15	1	0	1	15	266	280	0.002	31.2	FEEHVQSVDIAAFNK	FEEHVQSVDIAAFDK	147973	0	0	142393	180531	136423	137306	231974	206914	1610000	1230000	1770000	2160000	2460000	2790000	3130000	3760000	2610000	SPROMMU207943		18.1013	18.1836356666667	0.082335666666701	43.8003327812976	74.7	FEEHVQSVDIAAFNK
	0	FAFSLETSASTAYLQINNLK	sp|P01804|HVM35_MOUSE	50	20	10	0	1	20	64	83	0.26	25.4	FAFSLETSASTAYLQINNLK	FTISRDDSKSSVYLQMNNLR	0	0	0	0	0	0	0	0	0	0	0	0	325087	435353	397034	0	0	1124.76	SPROMMU2089		27.9391	28.3790963333333	0.439996333333301	27.6161589579949	4.86	FAFSLETSASTAYLQINNLK
	1	ASGYTFTTYGMSWVK	sp|P01747|HVM03_MOUSE	80	15	3	0	1	15	23	37	0.005	29.6	ASGYTFTTYGMSWVK	ASGYTFTSYGINWVK	0	0	0	776.02	0	0	37615.8	1343.24	2470.58	0	0	0	4137.18	2179.09	0	0	0	0	SPROMMU2089		23.6149	27.1117384	3.4968384	27.9565995348075	9.44	ASGYTFTTYGMSWVK
	1	NEDTATYFCAR	sp|P18531|HVM60_MOUSE	90	10	1	0	2	11	107	116	0.15	25.4	EDTATYFCAR	EDTATYYCAR	0	0	0	0	0	0	8702.94	6630.54	6955.03	9055.81	16728.3	7105.38	16338.3	26978.9	19105.4	10226.5	13979.5	14400.3	SPROMMU2089		12.4332	22.1454198666667	9.7122198666667	15.8441366906468	0.65	NEDTATYFCAR
	0	AIEQADLLQEEAETPR	sp|P61967|AP1S1_MOUSE	87.5	16	2	0	1	16	134	149	0.011	28.9	AIEQADLLQEEAETPR	AIEQADLLQEEDESPR	0	0	0	74742.6	374.064	0	55472.2	1107.01	0	0	0	452.643	0	0	0	0	0	0	SPROMMU210306		17.5629	29.0704704	11.5075704	31.5310324746963	37.6875	AIEQADLLQEEAETPR
	0	VVDLMAYMVSK	sp|P16858|G3P_MOUSE	90.909	11	1	0	1	11	322	332	0.67	23.5	VVDLMAYMVSK	VVDLMAYMASK	0	0	0	0	0	0	0	0	31750.5	0	0	0	0	0	10094.2	0	0	0	SPROMMU21143		24.0516	28.7753506	4.7237506	19.4564738630255	0.0586363636363636	VVDLMAYMVSK
	0	PAPPEPAADSPLAGPLERPR	sp|Q80TF4|KLH13_MOUSE	57.143	14	6	0	2	15	641	654	1.2	23.5	APPEPAADSPLAGP	ATPSPSRESPLSGP	538504	529027	590124	572658	640653	927550	1030000	812036	1040000	126202	291174	0	263544	0	262890	499578	393073	236715	SPROMMU215712		17.4906	25.8691402666667	8.3785402666667	28.8276654422566	4.86	PAPPEPAADSPLAGPLERPR
	0	LQSGNQFVLYR	sp|O08677|KNG1_MOUSE	54.545	11	5	0	1	11	48	58	9.3	20	LQSGNQFVLYR	VKSGNQYMLHR	1810000	1720000	1820000	1840000	1640000	1540000	810884	757666	923581	1170000	1310000	697336	1050000	1100000	833737	1080000	1270000	1150000	SPROMMU217421		16.8148	16.8228934666667	0.00809346666669697	29.8905051744758	31.7727272727272	LQSGNQFVLYR
	1	MDGSATFYSFNYQIK	sp|O08677|KNG1_MOUSE	78.571	14	3	0	2	15	66	79	0.035	27.3	DGSATFYSFNYQIK	DGSPTFYSFKYLIK	294720	220944	238734	232282	232222	195674	65100.6	117546	77259.8	0	191506	165134	0	197502	0	0	142963	113963	SPROMMU217421		21.0337	21.9308280666667	0.897128066666699	24.2078592413266	16.35	MDGSATFYSFNYQIK
	0	NIANPTAMLLSATNMLR	sp|Q9D6R2|IDH3A_MOUSE	70.588	17	5	0	1	17	300	316	0.039	27.3	NIANPTAMLLSATNMLR	DMANPTALLLSAVMMLR	285793	0	197754	168996	327034	317289	210237	264542	203869	0	0	0	102506	0	0	0	0	0	SPROMMU217879		29.4211	29.3986784	0.0224215999999977	27.619359450102	7.2235294117647	NIANPTAMLLSATNMLR
	0	GNVVIVLTGWRPGSGFTNTMR	sp|P52480|KPYM_MOUSE	95.238	21	1	0	1	21	506	526	9.99E-10	49.3	GNVVIVLTGWRPGSGFTNTMR	GDVVIVLTGWRPGSGFTNTMR	0	0	0	0	0	0	245034	0	0	0	0	0	0	0	0	0	0	0	SPROMMU23312		25.061	25.8659952	0.804995200000001	36.5763472608191	31.9714285714285	GNVVIVLTGWRPGSGFTNTMR
	0	GLASGSAETLPANFR	sp|Q8BSS9|LIPA2_MOUSE	64.286	14	5	0	2	15	1211	1224	0.91	23.5	LASGSAETLPANFR	MMPGSSETLPAGFR	272233	314314	169283	552191	494347	521351	651635	526764	773917	219744	0	202681	151392	126286	108813	98644	328401	199844	SPROMMU233354		16.8789	16.8954311333333	0.0165311333332987	31.6025661132697	26.58	GLASGSAETLPANFR
	1	EFNNLLITGTDR	sp|P60469|LIPA3_MOUSE	66.667	12	4	0	1	12	1103	1114	3.3	21.6	EFNNLLITGTDR	EFSNLISLGTDR	2130000	1580000	1450000	1500000	1640000	2340000	2030000	1650000	1890000	557952	947468	802082	627751	1090000	1230000	1140000	909278	1050000	SPROMMU233354		19.5034	27.5160568	8.0126568	21.9979774965956	23.25	EFNNLLITGTDR
	1	EFNNLLITGTDRR	sp|P60469|LIPA3_MOUSE	69.231	13	4	0	1	13	1103	1115	1.1	23.1	EFNNLLITGTDRR	EFSNLISLGTDRR	0	2820000	0	7020000	5450000	5860000	4080000	5220000	2760000	0	0	0	0	0	0	0	0	0	SPROMMU233354		17.6495	16.8250581333333	0.8244418666667	16.6429126076128	0.0584615384615384	EFNNLLITGTDRR
	0	TLEWIGDINSDGSAINYAPSIK	sp|P01806|HVM36_MOUSE	71.429	21	6	0	2	22	63	83	1.95E-05	36.6	LEWIGDINSDGSAINYAPSIK	LEWIGEINPDSSTINYTPSLK	0	0	0	0	0	0	0	0	0	0	0	0	0	562482	0	0	0	0	SPROMMU234460		25.4437	28.6308332666667	3.1871332666667	37.2843339298666	17.1477272727272	TLEWIGDINSDGSAINYAPSIK
	1	STLYLQMSNVR	sp|P01806|HVM36_MOUSE	81.818	11	2	0	1	11	95	105	2	22.3	STLYLQMSNVR	NTLYLQMSKVR	0	0	0	0	0	0	0	0	0	19778.1	0	7491.07	187796	109182	206253	97959.4	26330.6	39721.1	SPROMMU234460		17.6748	27.0309402666667	9.3561402666667	15.6785823512867	4.54545454545454	STLYLQMSNVR
	0	NSASATTPLSGNSSR	sp|Q91WK0|LRRF2_MOUSE	93.333	15	1	0	1	15	94	108	0.044	27.3	NSASATTPLSGNSSR	NSASATTPLSGQSSR	0	0	20685.5	5272.58	5080.26	16745.5	18146.4	15407.3	13317.3	10531.7	12494.7	10095.6	8401.81	4690.85	0	0	5444.57	13100.8	SPROMMU235332		8.13768	22.3185449333332	14.1808649333332	26.9968178326099	7.12	NSASATTPLSGNSSR
	0	QEVVDLLLAR	sp|Q99NH0|ANR17_MOUSE	90	10	1	0	1	10	1159	1168	3	21.6	QEVVDLLLAR	QEVVELLLAR	0	0	0	4742.37	0	5906.41	0	8246.62	6830.55	0	0	0	0	0	0	0	0	0	SPROMMU235954		23.1325	16.4206721333333	6.7118278666667	16.3319849838896	0.835	QEVVDLLLAR
	0	SALLLEQAAHCFINMK	sp|Q9QXE5|TSSP_MOUSE	63.636	11	4	0	2	12	463	473	8.6	20.8	ALLLEQAAHCF	ALLIPSASHCF	0	218305	0	154489	155525	222166	294599	181816	172018	0	0	0	0	0	119346	0	0	0	SPROMMU236958		27.2457	25.0621272	2.1835728	18.9616098288439	9.175	SALLLEQAAHCFINMK
	0	ESGYNMIHFTPLQTLGLSR	sp|E9PZJ8|ASCC3_MOUSE	57.143	14	6	0	1	14	1320	1333	2.2	22.7	ESGYNMIHFTPLQT	EALYNFSHFNPVQT	0	0	132221	257707	261814	281040	136787	176444	108955	184238	109724	198497	0	0	0	0	0	51075.6	SPROMMU23795		26.7586	26.7016204666667	0.0569795333333012	27.8561727798483	4.63157894736842	ESGYNMIHFTPLQTLGLSR
	0	LMMDPLSGQNR	sp|Q7TMK9|HNRPQ_MOUSE	81.818	11	2	0	1	11	193	203	0.58	23.5	LMMDPLSGQNR	LMMDPLTGLNR	35565.1	30879.5	0	49483.6	27650.3	45543	42004	49186.4	45237.3	29018.3	31040.6	0	52937.6	50543.1	63919.6	40140.6	70565	77183.6	SPROMMU239769		17.0016	22.0837897333333	5.0821897333333	23.4739318723336	17.4545454545454	LMMDPLSGQNR
	1	LCDSYEIRPGK	sp|P86049|RBM46_MOUSE	63.636	11	4	0	1	11	120	130	4	21.2	LCDSYEIRPGK	ILNNYEIRPGK	0	0	4922.65	5818.23	96877.5	108448	242475	287881	266639	0	0	0	7179.81	0	0	0	0	14323.9	SPROMMU239769		10.9062	11.1800768	0.2738768	16.6758098811609	0.0377272727272727	LCDSYEIRPGK
	1	GYAFITFCGK	sp|Q7TMK9|HNRPQ_MOUSE	80	10	2	0	1	10	204	213	0.33	24.3	GYAFITFCGK	GYAFVTFCTK	0	0	0	4758.41	0	0	0	3208.17	2568.68	0	0	0	0	0	0	0	0	0	SPROMMU239769		20.4665	25.0893311333333	4.6228311333333	15.6456146428106	0.795	GYAFITFCGK
	0	LSLLEYEPLSSVEYQCQNYYVLK	sp|P06909|CFAH_MOUSE	82.609	23	4	0	1	23	1128	1150	4.77E-06	38.9	LSLLEYEPLSSVEYQCQNYYVLK	LSLPVYEPLSSVEYQCQKYYLLK	11687.7	15244.9	10472.4	0	0	0	0	0	0	0	0	6316.96	0	0	0	0	0	0	SPROMMU240093		28.1249	25.2663802666667	2.8585197333333	29.9607731985751	6.20869565217391	LSLLEYEPLSSVEYQCQNYYVLK
1	0	LDSGVPDRFTGSGSGTDFTLK	sp|P01629|KV2A4_MOUSE	85.714	21	3	0	1	21	59	79	6.36E-07	40	LDSGVPDRFTGSGSGTDFTLK	LASGVPDRFSGSGSGTDFTLR	0	51825.6	53815.1	36683.1	67509.2	0	20195.1	28225.5	0	0	21490.8	15304.6	34965.6	147329	74620.1	81414.8	82155	0	SPROMMU240457		18.8485	28.2637393333333	9.4152393333333	34.8868273448382	18.1071428571428	LDSGVPDRFTGSGSGTDFTLK
	1	FTGSGSGTDFTLK	sp|P01631|KV2A7_MOUSE	92.308	13	1	0	1	13	67	79	0.038	27.3	FTGSGSGTDFTLK	FSGSGSGTDFTLK	152107	128284	102071	82168.8	314562	85071.9	68518.8	85772.7	35322.7	87779.5	74269.8	70986.4	108454	523265	129842	222908	127943	118504	SPROMMU240457		14.835	23.2592197333333	8.4242197333333	18.5241310258982	6.83076923076923	FTGSGSGTDFTLK
	0	LCPPSGGGAMAR	sp|P70207|PLXA2_MOUSE	77.778	9	2	0	1	9	1169	1177	1.9	22.3	LCPPSGGGA	LCPPASGGA	0	0	0	114438	94601	95655.5	0	0	0	0	0	0	1450000	938945	0	0	0	0	SPROMMU240864		9.59958	29.5349032	19.9353232	17.2503479442775	3.96666666666666	LCPPSGGGAMAR
	0	LGGCPPDDGLCNQNTPPDQCLNDK	sp|Q6VGS5|DAPLE_MOUSE	50	16	8	0	3	18	1535	1550	1.1	23.9	GCPPDDGLCNQNTPPD	GCNSDDNLCEPSSEPD	0	0	0	0	0	148059	2411.7	71456.6	57775.5	0	0	0	0	0	0	0	0	0	SPROMMU241360		14.4321	27.9398172	13.5077172	36.5887544693756	13.78125	LGGCPPDDGLCNQNTPPDQCLNDK
	0	WSEPPTCIYPTGK	sp|P06909|CFAH_MOUSE	77.778	9	2	0	1	9	1162	1170	3	21.9	WSEPPTCIY	WSEPPTCLH	383000000	294000000	260000000	13000000	27800000	21100000	4380000	5320000	2750000	32700000	31500000	30500000	13400000	16200000	16300000	1850000	2370000	2800000	SPROMMU24233		16.4926	16.5170029333333	0.0244029333332989	42.1422189856118	47.7692307692307	WSEPPTCIYPTGK
	0	IYVQGQSLK	sp|P06909|CFAH_MOUSE	88.889	9	1	0	1	9	405	413	1.9	21.9	IYVQGQSLK	VYVQGQSLK	120000000	122000000	92500000	53400000	64600000	48400000	8820000	9310000	8310000	276000000	216000000	246000000	210000000	236000000	225000000	148000000	123000000	147000000	SPROMMU24386		10.5947	10.4743844	0.1203156	25.3235514679072	28.5	IYVQGQSLK
	0	IIPTLEEYQHYK	sp|Q8K2H3|FA13B_MOUSE	63.636	11	4	0	2	12	819	829	7.2	20.8	IPTLEEYQHYK	VPVLEEYKEYK	8414.92	6882.87	0	11050.9	15421.1	16578.4	12664.5	11254.5	8848.22	0	0	0	0	0	0	0	0	0	SPROMMU28017		17.2042	28.8911028666667	11.6869028666667	17.2219437805821	17.0625	IIPTLEEYQHYK
	0	SHQCLSYCPTDLENSPIK	sp|Q9JJ28|FLII_MOUSE	53.333	15	7	0	1	15	112	126	2.9	22.3	SHQCLSYCPTDLENS	SHNQLTECPRELENA	0	0	0	0	593078	0	1730000	0	5300000	0	0	0	0	0	0	0	0	0	SPROMMU37304		17.1864	30.8334477333333	13.6470477333333	21.4995518488518	13.625	SHQCLSYCPTDLENSPIK
	0	HSFGPLDYESLQQELALK	sp|Q9WVS8|MK07_MOUSE	47.059	17	9	0	1	17	775	791	3.6	21.9	HSFGPLDYESLQQELAL	HGMNPADIESLQREIQM	56193.8	0	0	56370	0	76481.1	131970	93650.9	73095.5	0	0	0	0	0	0	69283.7	75184.6	0	SPROMMU45414		25.6109	25.5673165333333	0.0435834666666999	27.6771111244993	13.5833333333333	HSFGPLDYESLQQELALK
	0	HTGPGILSMANAGPNTNGSQFFICTVK	sp|P17742|PPIA_MOUSE	96.296	27	1	0	1	27	92	118	2.92E-13	57.8	HTGPGILSMANAGPNTNGSQFFICTVK	HTGPGILSMANAGPNTNGSQFFICTAK	111491	3290.6	0	0	0	90684	127349	0	0	2298.48	0	0	0	0	0	0	0	0	SPROMMU55695		24.6094	28.3432711333333	3.7338711333333	45.0347318414078	4.93333333333333	HTGPGILSMANAGPNTNGSQFFICTVK
	0	LLIYSGSTLQSGIPSR	sp|P01666|KV3AE_MOUSE	68.75	16	5	0	1	16	50	65	0.048	26.9	LLIYSGSTLQSGIPSR	LLIYAASNLESGIPAR	32796.4	41896.9	42280.7	15258.9	35274.3	20658.3	25427.8	25914.7	12403.9	18494.8	26131.6	34871	45763.1	145090	55739.5	45162	55317.4	57018.1	SPROMMU5661		20.2937	31.9455719333333	11.6518719333333	19.1127458436315	4.875	LLIYSGSTLQSGIPSR
	1	YLAWYQEK	sp|P01635|KV5A3_MOUSE	87.5	8	1	0	1	8	52	59	6.5	20.4	YLAWYQEK	YLAWYQQK	66167.8	0	75334.1	0	138145	39542.1	17959.8	98811.9	37693.5	66173.7	47271.5	110383	82118.7	304448	140581	323454	158762	162798	SPROMMU5661		16.1112	16.2753527333333	0.1641527333333	14.9657399019185	1.29375	YLAWYQEK
	0	MNSLQADDTAIYYCAR	sp|P01821|HVM45_MOUSE	87.5	16	2	0	1	16	101	116	1.94E-05	36.2	MNSLQADDTAIYYCAR	MNSLQSNDTAIYYCAR	0	0	0	0	1788.17	991.259	0	2091.85	822.259	0	4907.45	6006.17	2140.18	13183.9	1936.74	7642.78	7953.27	5496.44	SPROMMU5668		17.3157	11.5030424	5.8126576	25.8791943456251	7.85	MNSLQADDTAIYYCAR
	0	LASESVYVVSLQSTNSQGQSQPVYR	sp|P70211|DCC_MOUSE	45.833	24	13	0	1	24	786	809	0.29	25.4	LASESVYVVSLQSTNSQGQSQPVY	LESSSHYVISLKAFNNAGEGVPLY	0	0	0	0	0	0	0	0	2030.86	730.724	0	0	1044.56	0	0	0	0	0	SPROMMU5709		19.5908	28.8963427333333	9.3055427333333	44.5732340590301	23.01	LASESVYVVSLQSTNSQGQSQPVYR
	0	VGPDTVQCYHFGWSPGFPTCK	sp|P06909|CFAH_MOUSE	95.238	21	1	0	1	21	603	623	1.04E-09	49.3	VGPDTVQCYHFGWSPGFPTCK	VGPDSVQCYHFGWSPGFPTCK	9070000	6730000	7800000	0	1650000	1860000	1030000	419708	663008	154000000	171000000	137000000	244000000	211000000	214000000	223000000	163000000	183000000	SPROMMU58198		22.5919	22.6738686	0.0819685999999997	86.72582496868	119.892857142857	VGPDTVQCYHFGWSPGFPTCK
	0	IHIDNGFLSESSYIYALNR	sp|P06909|CFAH_MOUSE	94.737	19	1	0	1	19	453	471	6.56E-07	41.2	IHIDNGFLSESSYIYALNR	IHIDNGFLSESSSIYALNR	0	0	293164	0	0	385218	0	491723	488598	233645	0	172638	214593	176826	169760	149330	201464	126023	SPROMMU60172		25.8286	25.3666899333333	0.4619100666667	35.5437390029364	15.3947368421052	IHIDNGFLSESSYIYALNR
	0	CYVCEQQTHGVFNPAK	sp|B9EHT4|CLIP3_MOUSE	50	14	7	0	2	15	124	137	8.5	20.8	YVCEQQTHGVFNPA	YACKAGAHGVGDPA	0	0	0	0	0	78293.5	0	0	0	0	58983.1	0	0	0	115867	160583	159596	141430	SPROMMU60731		13.2487	25.8935011333333	12.6448011333333	20.4833594670061	5.325	CYVCEQQTHGVFNPAK
	0	LLIHYTSTLQPGIPSR	sp|P01643|KV5AA_MOUSE	68.75	16	5	0	1	16	46	61	0.053	26.9	LLIHYTSTLQPGIPSR	LLIYYTSSLHSGVPSR	69779.6	35961.7	51003.3	36939.6	53397.3	20031.1	36434.8	41446.4	31733.3	47926.6	60115.3	99358.2	97060.3	150573	128597	119956	82859.7	73318.5	SPROMMU62990		19.4759	19.5131544666667	0.037254466666699	25.6216666771156	8.325	LLIHYTSTLQPGIPSR
	0	EQIYPEYVIEYMELEK	sp|Q8BZ20|PAR12_MOUSE	70	10	3	0	2	11	678	687	0.53	24.3	QIYPEYVIEY	QVYPEYLIQY	600365	0	0	373787	372354	443030	365039	222672	389366	0	0	0	0	0	0	0	0	0	SPROMMU6653		28.2596	28.2474324666667	0.0121675333332973	33.5743316050378	32.625	EQIYPEYVIEYMELEK
	1	LNPSVFVIFR	sp|Q2EMV9|PAR14_MOUSE	75	8	2	0	2	9	1795	1802	6.6	20.4	NPSVFVIF	NPSIFVVF	0	0	0	0	0	0	15937.2	1159.71	26984.1	0	0	0	0	0	0	0	0	0	SPROMMU6653		26.9832	18.5557994	8.4274006	16.0608950483458	0.0584999999999999	LNPSVFVIFR
	0	MNSLQTDDTAMYYCAR	sp|P01821|HVM45_MOUSE	81.25	16	3	0	1	16	101	116	7.85E-05	34.7	MNSLQTDDTAMYYCAR	MNSLQSNDTAIYYCAR	0	0	0	2133.49	3034.62	2238.78	2354.34	2202.41	2131.14	0	0	0	0	0	0	0	0	0	SPROMMU67006		16.1477	24.2106574666667	8.0629574666667	17.0013064430556	4.275	MNSLQTDDTAMYYCAR
	0	INSMQPEDTATYFCK	sp|P04940|KV6A6_MOUSE	66.667	15	5	0	1	15	74	88	0.041	27.3	INSMQPEDTATYFCK	ITSMQAEDAATYYCQ	0	0	0	0	0	0	0	0	0	0	0	0	0	156516	0	0	0	0	SPROMMU67020		16.7549	14.6013536	2.1535464	23.739175839916	18.75	INSMQPEDTATYFCK
	1	SPQLLIYNANSLEDGVPSR	sp|P01635|KV5A3_MOUSE	78.947	19	4	0	1	19	63	81	5.13E-05	35	SPQLLIYNANSLEDGVPSR	SPQLLVYNAKTLADGVPSR	0	0	0	0	0	0	0	0	0	0	0	0	0	309517	0	0	0	0	SPROMMU67020		22.3692	29.2541166	6.8849166	31.4276357911899	7.81052631578947	SPQLLIYNANSLEDGVPSR
	0	TLAEGVPSR	sp|P01636|KV5A4_MOUSE	88.889	9	1	0	1	9	53	61	8.7	20.4	TLAEGVPSR	TLVEGVPSR	169091	127787	85495.4	104486	142215	89819.3	97492	106453	53103.1	484044	502834	469104	432957	1300000	542303	242702	190054	132156	SPROMMU67021		9.14633	19.9468734666667	10.8005434666667	15.8323593133433	0.0688888888888888	TLAEGVPSR
	0	LILPGLMSSR	sp|Q63836|SBP2_MOUSE	90	10	1	0	1	10	94	103	2.3	21.9	LILPGLMSSR	LILPGLISSR	0	45352.9	0	0	0	0	0	0	0	989463	892550	995646	440021	395650	391959	0	0	0	SPROMMU70168		22.3007	22.4205778666667	0.119877866666702	18.5987492338782	16.05	LILPGLMSSR
	0	IHDNFGIVEGFMTMIHAITATQK	sp|P16858|G3P_MOUSE	86.957	23	3	0	1	23	162	184	9.92E-09	46.6	IHDNFGIVEGFMTMIHAITATQK	IHDNFGIVEGLMTTVHAITATQK	567758	636437	583191	785154	573654	514402	408195	400444	462965	566618	523992	605848	744864	593763	744671	442347	623917	300433	SPROMMU71138		29.596	28.5442972666667	1.0517027333333	31.2929094651098	5.47826086956521	IHDNFGIVEGFMTMIHAITATQK
	0	IPFNSISLVNVYRPGVHCADVEVIATLK	sp|P10889|CXCL2_MOUSE	53.571	28	13	0	1	28	45	72	0.001	32	IPFNSISLVNVYRPGVHCADVEVIATLK	VDFKNIQSLSVTPPGPHCAQTEVIATLK	3610.58	3289.87	2732.28	6945.5	6729.14	5993.19	6875.67	5967.33	5780.76	11008.2	13352.2	8407.63	12391.6	7592.84	9656.82	4865.21	4913.05	5354.39	SPROMMU71640		28.4132	28.4509286	0.0377286000000012	79.6026914229667	49.8857142857142	IPFNSISLVNVYRPGVHCADVEVIATLK
	0	SSSTAYMELR	sp|P01746|HVM02_MOUSE	90	10	1	0	1	10	94	103	3.6	21.6	SSSTAYMELR	SSSTAYMQLR	241393	270523	175072	69907.3	138465	110917	63004	57734.4	48254.1	219340	0	165835	175447	478548	0	206647	251496	143316	SPROMMU73671		9.57665	22.7429362666667	13.1662862666667	17.166113629327	11.12	SSSTAYMELR
	0	SSQSLVHSNGNTYLHWYLQK	sp|P01631|KV2A7_MOUSE	95	20	1	0	1	20	25	44	6.64E-08	42.7	SSQSLVHSNGNTYLHWYLQK	SSQSLVHSNGNTYLNWYLQK	0	0	0	161729	167972	94739.7	104666	42023.6	0	0	0	0	0	291034	438191	231954	0	0	SPROMMU78888		19.7578	28.1128849333333	8.3550849333333	27.7799216800077	16.3125	SSQSLVHSNGNTYLHWYLQK
	0	SEDTATYYCAR	sp|P01806|HVM36_MOUSE	90.909	11	1	0	1	11	106	116	0.057	26.6	SEDTATYYCAR	SEDTALYYCAR	44157.3	0	0	0	0	0	0	0	22830.6	95489.4	69658.4	54254.2	96228.2	63670.8	63742.8	51924.5	72464.7	162719	SPROMMU81727		9.02575	18.0648876	9.0391376	19.7692802631923	18	SEDTATYYCAR
	1	NILYLQMSSLK	sp|P18527|HVM56_MOUSE	90.909	11	1	0	1	11	76	86	0.52	23.9	NILYLQMSSLK	NILYLQMSSLR	61828.6	95296.1	87756.3	52978.4	102210	30548.2	74988	64561.9	46465.7	167132	193336	169333	216910	262664	249090	150933	95370.5	115713	SPROMMU81727		22.8923	28.881335	5.989035	19.8393047642216	0.0663636363636363	NILYLQMSSLK
	0	LLISGATSLETGVPSR	sp|P01652|KV5AK_MOUSE	75	16	4	0	1	16	46	61	0.044	26.9	LLISGATSLETGVPSR	LLIYGASNLEDGVPSR	13964.4	0	0	13713.3	33545.6	12054	8805.1	8412.19	9007.04	15804.4	0	15051	22912.3	99238.4	36324.2	29098.6	0	23761.5	SPROMMU87332		19.7575	28.3389392666667	8.5814392666667	23.8066513588882	6.7	LLISGATSLETGVPSR
	0	NYLTWYQQK	sp|P01635|KV5A3_MOUSE	88.889	9	1	0	1	9	51	59	2.3	21.9	NYLTWYQQK	NYLAWYQQK	116681	178697	133341	70845	157845	163708	50103.7	125892	0	355343	166359	297206	329014	731231	477725	275406	233109	119406	SPROMMU87376		17.7411	14.5090993333333	3.2320006666667	16.3616124052241	1.15555555555555	NYLTWYQQK
	0	ASQSVSNDVAWYQQK	sp|P01633|KV5A1_MOUSE	80	15	3	0	1	15	66	80	0.15	25.8	ASQSVSNDVAWYQQK	ASQDVSTTVAWYQQK	0	0	0	22270.7	8847.71	9884.26	19535.7	22249.8	23058.9	46081.3	40182.8	30970.7	35145.6	88009.6	43513	44149.2	54068.3	69230.6	SPROMMU88646		14.5927	28.1093798666667	13.5166798666667	23.4650255090573	6.74666666666666	ASQSVSNDVAWYQQK
	0	ASQNVGTAVAWYQQK	sp|P84750|KVM5_MOUSE	86.667	15	2	0	1	15	25	39	0.003	30.4	ASQNVGTAVAWYQQK	ASQNVGTNVAWYQKK	3155.67	0	3258.26	3260.65	5853.91	0	4523.48	3512.83	3568.3	18892.4	0	19349.6	0	34405.3	0	0	0	1723.16	SPROMMU88681		15.9678	22.6240379333333	6.6562379333333	23.7453244020818	13.35	ASQNVGTAVAWYQQK
	0	TLIYYATSLADGVPSR	sp|P01635|KV5A3_MOUSE	73.333	15	4	0	2	16	67	81	0.052	26.9	LIYYATSLADGVPSR	LVYNAKTLADGVPSR	0	0	0	0	0	0	0	0	0	0	0	0	0	204079	0	70504.7	0	0	SPROMMU88683		23.3817	28.5186429333333	5.1369429333333	24.9844635920225	7.525	TLIYYATSLADGVPSR
	1	SYLSWYQQK	sp|P01636|KV5A4_MOUSE	88.889	9	1	0	1	9	31	39	3.7	21.2	SYLSWYQQK	SYLAWYQQK	0	0	0	0	0	0	0	0	0	0	0	0	0	553529	203984	6231.32	0	5321.74	SPROMMU88683		17.2734	17.2980551333333	0.0246551333333009	13.3699721766374	0.07	SYLSWYQQK
	0	GFGQSVVQLGGTSVVVAAPQEAK	sp|P05555|ITAM_MOUSE	95.652	23	1	0	1	23	33	55	1.90E-08	45.8	GFGQSVVQLGGTSVVVAAPQEAK	GFGQNVVQLGGTSVVVAAPQEAK	0	61112.9	33847	65675.4	77557.7	48232.4	80053.7	86057.7	92293.9	0	0	0	0	58895.6	64230	135928	191390	155005	SPROMMU89306		21.9912	22.0923759333333	0.101175933333302	27.7758108817438	10.5978260869565	GFGQSVVQLGGTSVVVAAPQEAK
	0	ASENIYSNLAWYQQK	sp|P01636|KV5A4_MOUSE	93.333	15	1	0	1	15	25	39	0.004	29.6	ASENIYSNLAWYQQK	ASENIYSYLAWYQQK	23599.6	24772.1	0	36063.7	71417.9	20776.1	21771.4	62007.6	29112.4	125742	80240.4	119898	81845.4	318429	135136	158252	73822.8	107302	SPROMMU90132		20.3087	29.0979516666667	8.7892516666667	21.4648320082039	17.1	ASENIYSNLAWYQQK
	0	QRPEQGLEWIGR	sp|P01750|HVM06_MOUSE	91.667	12	1	0	1	12	58	69	0.006	29.3	QRPEQGLEWIGR	QRPGQGLEWIGR	791799	877459	811013	554520	1410000	589987	428449	686201	513766	1440000	931523	1840000	1770000	4350000	2950000	2780000	1520000	1460000	SPROMMU99264		16.3751	16.4136980666667	0.038598066666701	37.5352112598312	40.625	QRPEQGLEWIGR
	0	QRPEQGLEWIGWIDPENGDTEYASK	sp|P01747|HVM03_MOUSE	68	25	8	0	1	25	38	62	2.14E-06	39.3	QRPEQGLEWIGWIDPENGDTEYASK	QRPGQGLEWIGYINPGNGYTKYNEK	0	0	0	0	0	0	33359.7	23446.9	0	276454	265377	249800	346175	382032	313644	186819	93601.2	93108.7	SPROMMU99266		26.5735	24.8465188	1.7269812	40.474564893748	17.73	QRPEQGLEWIGWIDPENGDTEYASK
																																									
																																									
																																									
																																									
																																									
																																									
																																									
																																									
																																									
																																									
																																									
																																									
																																									
																																									
																																									
																																									
																																									
																																									
																																									
																																									
																																									
																																									
																																									
																																									
																																									
																																									
																																									
																																									
																																									
																																									
																																									
																																									
																																									
																																									
																																									
																																									
																																									
																																									
